{"nbl": 500, "x1min": 0.05, "x1max": 2.0, "idtag": "JH", "tlim": 0.5, "FCOMP": "gfortran", "gln": 11.808365853658533, "TinMK": 0.07, "glv": 556.6341463414641, "glb": 6.787326968973744, "Omega": 2.87e-06, "i_heavy": 2, "seed_spec": 3.5, "inj_rate": 0.004, "run_time": 80.0, "cme_speed": 2500.0, "cme_width": 120.0, "duration": 1.0, "n_multi": 4.0, "p_num": 25, "t_num": 50, "seed_num": 50, "if_arrival": 0, "r0_e": 1.0, "phi_e": 80.0, "cturb_au": 0.5, "MPI_compiler": "mpif90", "ranks": 10}