YEAR DAY   RAD_AU      HGI_LAT   HGI_LON
2018 294   0.993263     5.41839   311.75769
2018 295   0.990861     5.34618   312.76483
2018 296   0.988516     5.27173   313.77618
2018 297   0.986199     5.19516   314.79190
2018 298   0.983900     5.11654   315.81207
2018 299   0.981617     5.03588   316.83664
2018 300   0.979347     4.95321   317.86569
2018 301   0.977090     4.86853   318.89920
2018 302   0.974844     4.78186   319.93719
2018 303   0.972612     4.69321   320.97964
2018 304   0.970392     4.60258   322.02658
2018 305   0.968186     4.50999   323.07803
2018 306   0.965993     4.41544   324.13397
2018 307   0.963815     4.31896   325.19440
2018 308   0.961652     4.22056   326.25934
2018 309   0.959505     4.12025   327.32874
2018 310   0.957373     4.01805   328.40265
2018 311   0.955260     3.91397   329.48105
2018 312   0.953163     3.80804   330.56393
2018 313   0.951086     3.70028   331.65128
2018 314   0.949028     3.59071   332.74310
2018 315   0.946990     3.47936   333.83936
2018 316   0.944973     3.36624   334.94003
2018 317   0.942978     3.25140   336.04514
2018 318   0.941005     3.13486   337.15463
2018 319   0.939056     3.01665   338.26849
2018 320   0.937131     2.89681   339.38672
2018 321   0.935232     2.77537   340.50928
2018 322   0.933358     2.65237   341.63614
2018 323   0.931510     2.52784   342.76724
2018 324   0.929691     2.40184   343.90259
2018 325   0.927899     2.27439   345.04214
2018 326   0.926137     2.14555   346.18585
2018 327   0.924405     2.01537   347.33368
2018 328   0.922703     1.88389   348.48557
2018 329   0.921033     1.75116   349.64148
2018 330   0.919396     1.61724   350.80142
2018 331   0.917791     1.48218   351.96527
2018 332   0.916221     1.34604   353.13303
2018 333   0.914685     1.20888   354.30460
2018 334   0.913184     1.07075   355.47995
2018 335   0.911720     0.93172   356.65900
2018 336   0.910293     0.79186   357.84167
2018 337   0.908903     0.65122   359.02792
2018 338   0.907552     0.50988     0.21765
2018 339   0.906241     0.36791     1.41084
2018 340   0.904968     0.22537     2.60738
2018 341   0.903737     0.08233     3.80722
2018 342   0.902546    -0.06112     5.01026
2018 343   0.901397    -0.20492     6.21644
2018 344   0.900290    -0.34899     7.42565
2018 345   0.899226    -0.49325     8.63781
2018 346   0.898206    -0.63762     9.85284
2018 347   0.897230    -0.78203    11.07064
2018 348   0.896298    -0.92639    12.29111
2018 349   0.895412    -1.07062    13.51416
2018 350   0.894571    -1.21464    14.73968
2018 351   0.893776    -1.35837    15.96758
2018 352   0.893028    -1.50171    17.19775
2018 353   0.892326    -1.64454    18.43023
2018 354   0.891671    -1.78676    19.66490
2018 355   0.891065    -1.92833    20.90156
2018 356   0.890505    -2.06913    22.14021
2018 357   0.889995    -2.20908    23.38073
2018 358   0.889533    -2.34810    24.62301
2018 359   0.889120    -2.48611    25.86694
2018 360   0.888756    -2.62302    27.11238
2018 361   0.888442    -2.75875    28.35922
2018 362   0.888178    -2.89325    29.60728
2018 363   0.887965    -3.02643    30.85642
2018 364   0.887803    -3.15822    32.10644
2018 365   0.887691    -3.28854    33.35716
2019   1   0.887625    -3.41734    34.60860
2019   2   0.887616    -3.54451    35.86035
2019   3   0.887658    -3.66998    37.11255
2019   4   0.887750    -3.79368    38.36502
2019   5   0.887894    -3.91553    39.61765
2019   6   0.888089    -4.03545    40.87034
2019   7   0.888335    -4.15339    42.12296
2019   8   0.888631    -4.26928    43.37537
2019   9   0.888979    -4.38306    44.62743
2019  10   0.889377    -4.49466    45.87900
2019  11   0.889826    -4.60403    47.12987
2019  12   0.890326    -4.71109    48.37992
2019  13   0.890876    -4.81581    49.62905
2019  14   0.891476    -4.91812    50.87713
2019  15   0.892127    -5.01797    52.12402
2019  16   0.892827    -5.11533    53.36958
2019  17   0.893576    -5.21014    54.61367
2019  18   0.894375    -5.30236    55.85616
2019  19   0.895223    -5.39196    57.09680
2019  20   0.896120    -5.47889    58.33554
2019  21   0.897064    -5.56313    59.57228
2019  22   0.898056    -5.64465    60.80687
2019  23   0.899096    -5.72343    62.03918
2019  24   0.900183    -5.79943    63.26910
2019  25   0.901316    -5.87262    64.49640
2019  26   0.902494    -5.94296    65.72089
2019  27   0.903718    -6.01046    66.94257
2019  28   0.904986    -6.07512    68.16133
2019  29   0.906299    -6.13692    69.37708
2019  30   0.907656    -6.19585    70.58968
2019  31   0.909055    -6.25192    71.79903
2019  32   0.910497    -6.30509    73.00495
2019  33   0.911980    -6.35538    74.20736
2019  34   0.913505    -6.40279    75.40618
2019  35   0.915070    -6.44734    76.60133
2019  36   0.916674    -6.48903    77.79269
2019  37   0.918317    -6.52787    78.98017
2019  38   0.919999    -6.56387    80.16368
2019  39   0.921718    -6.59702    81.34308
2019  40   0.923473    -6.62734    82.51829
2019  41   0.925264    -6.65486    83.68927
2019  42   0.927091    -6.67961    84.85595
2019  43   0.928951    -6.70160    86.01823
2019  44   0.930845    -6.72085    87.17607
2019  45   0.932771    -6.73740    88.32938
2019  46   0.934730    -6.75123    89.47804
2019  47   0.936718    -6.76233    90.62193
2019  48   0.938736    -6.77074    91.76096
2019  49   0.940783    -6.77647    92.89513
2019  50   0.942857    -6.77956    94.02435
2019  51   0.944958    -6.78005    95.14858
2019  52   0.947084    -6.77797    96.26780
2019  53   0.949236    -6.77336    97.38195
2019  54   0.951411    -6.76624    98.49101
2019  55   0.953610    -6.75666    99.59495
2019  56   0.955831    -6.74466   100.69373
2019  57   0.958073    -6.73028   101.78733
2019  58   0.960335    -6.71355   102.87573
2019  59   0.962617    -6.69451   103.95892
2019  60   0.964917    -6.67322   105.03687
2019  61   0.967235    -6.64974   106.10963
2019  62   0.969571    -6.62416   107.17723
2019  63   0.971923    -6.59652   108.23966
2019  64   0.974291    -6.56687   109.29693
2019  65   0.976673    -6.53524   110.34901
2019  66   0.979070    -6.50163   111.39586
2019  67   0.981479    -6.46605   112.43744
2019  68   0.983901    -6.42855   113.47375
2019  69   0.986333    -6.38916   114.50481
2019  70   0.988775    -6.34792   115.53063
2019  71   0.991227    -6.30489   116.55122
2019  72   0.993687    -6.26010   117.56658
2019  73   0.996155    -6.21360   118.57674
2019  74   0.998630    -6.16542   119.58173
2019  75   1.001112    -6.11562   120.58155
2019  76   1.003598    -6.06423   121.57623
2019  77   1.006089    -6.01129   122.56580
2019  78   1.008584    -5.95684   123.55029
2019  79   1.011083    -5.90094   124.52972
2019  80   1.013583    -5.84361   125.50411
2019  81   1.016086    -5.78489   126.47351
2019  82   1.018589    -5.72484   127.43794
2019  83   1.021093    -5.66347   128.39743
2019  84   1.023596    -5.60085   129.35204
2019  85   1.026098    -5.53699   130.30177
2019  86   1.028598    -5.47195   131.24669
2019  87   1.031096    -5.40575   132.18681
2019  88   1.033590    -5.33843   133.12219
2019  89   1.036081    -5.27004   134.05286
2019  90   1.038567    -5.20060   134.97887
2019  91   1.041049    -5.13015   135.90024
2019  92   1.043525    -5.05873   136.81703
2019  93   1.045994    -4.98636   137.72929
2019  94   1.048457    -4.91309   138.63707
2019  95   1.050912    -4.83894   139.54039
2019  96   1.053360    -4.76395   140.43930
2019  97   1.055798    -4.68814   141.33386
2019  98   1.058228    -4.61156   142.22412
2019  99   1.060648    -4.53422   143.11011
2019 100   1.063058    -4.45617   143.99188
2019 101   1.065457    -4.37742   144.86948
2019 102   1.067846    -4.29801   145.74297
2019 103   1.070222    -4.21796   146.61238
2019 104   1.072586    -4.13731   147.47778
2019 105   1.074938    -4.05608   148.33920
2019 106   1.077276    -3.97429   149.19669
2019 107   1.079601    -3.89197   150.05031
2019 108   1.081912    -3.80915   150.90012
2019 109   1.084208    -3.72586   151.74614
2019 110   1.086489    -3.64211   152.58844
2019 111   1.088755    -3.55793   153.42706
2019 112   1.091005    -3.47334   154.26207
2019 113   1.093239    -3.38837   155.09349
2019 114   1.095456    -3.30304   155.92139
2019 115   1.097656    -3.21736   156.74582
2019 116   1.099839    -3.13137   157.56682
2019 117   1.102004    -3.04508   158.38445
2019 118   1.104151    -2.95851   159.19876
2019 119   1.106279    -2.87168   160.00978
2019 120   1.108389    -2.78461   160.81760
2019 121   1.110479    -2.69732   161.62222
2019 122   1.112550    -2.60983   162.42374
2019 123   1.114601    -2.52216   163.22217
2019 124   1.116632    -2.43432   164.01758
2019 125   1.118642    -2.34633   164.81000
2019 126   1.120631    -2.25821   165.59950
2019 127   1.122599    -2.16998   166.38612
2019 128   1.124546    -2.08165   167.16992
2019 129   1.126471    -1.99323   167.95093
2019 130   1.128374    -1.90474   168.72920
2019 131   1.130254    -1.81620   169.50479
2019 132   1.132112    -1.72763   170.27776
2019 133   1.133947    -1.63902   171.04811
2019 134   1.135759    -1.55041   171.81593
2019 135   1.137548    -1.46180   172.58127
2019 136   1.139313    -1.37321   173.34415
2019 137   1.141054    -1.28465   174.10463
2019 138   1.142771    -1.19613   174.86275
2019 139   1.144464    -1.10767   175.61856
2019 140   1.146133    -1.01927   176.37212
2019 141   1.147776    -0.93096   177.12346
2019 142   1.149395    -0.84273   177.87262
2019 143   1.150988    -0.75461   178.61966
2019 144   1.152556    -0.66660   179.36462
2019 145   1.154099    -0.57872   180.10754
2019 146   1.155615    -0.49097   180.84848
2019 147   1.157106    -0.40337   181.58748
2019 148   1.158571    -0.31593   182.32457
2019 149   1.160009    -0.22865   183.05980
2019 150   1.161420    -0.14155   183.79323
2019 151   1.162805    -0.05464   184.52487
2019 152   1.164164     0.03208   185.25479
2019 153   1.165495     0.11860   185.98303
2019 154   1.166799     0.20489   186.70964
2019 155   1.168076     0.29097   187.43463
2019 156   1.169325     0.37681   188.15808
2019 157   1.170547     0.46241   188.88000
2019 158   1.171741     0.54777   189.60046
2019 159   1.172907     0.63286   190.31950
2019 160   1.174045     0.71769   191.03714
2019 161   1.175155     0.80224   191.75343
2019 162   1.176237     0.88651   192.46843
2019 163   1.177290     0.97049   193.18214
2019 164   1.178315     1.05417   193.89465
2019 165   1.179311     1.13755   194.60597
2019 166   1.180279     1.22061   195.31613
2019 167   1.181217     1.30335   196.02521
2019 168   1.182127     1.38576   196.73322
2019 169   1.183008     1.46784   197.44020
2019 170   1.183860     1.54957   198.14619
2019 171   1.184682     1.63095   198.85126
2019 172   1.185476     1.71198   199.55540
2019 173   1.186239     1.79264   200.25868
2019 174   1.186974     1.87293   200.96115
2019 175   1.187679     1.95284   201.66281
2019 176   1.188354     2.03237   202.36374
2019 177   1.189000     2.11151   203.06395
2019 178   1.189616     2.19024   203.76349
2019 179   1.190202     2.26858   204.46239
2019 180   1.190758     2.34650   205.16071
2019 181   1.191285     2.42400   205.85844
2019 182   1.191781     2.50107   206.55568
2019 183   1.192248     2.57772   207.25243
2019 184   1.192684     2.65392   207.94873
2019 185   1.193090     2.72969   208.64464
2019 186   1.193466     2.80500   209.34016
2019 187   1.193812     2.87985   210.03535
2019 188   1.194128     2.95424   210.73026
2019 189   1.194414     3.02815   211.42490
2019 190   1.194669     3.10159   212.11932
2019 191   1.194894     3.17455   212.81357
2019 192   1.195088     3.24701   213.50766
2019 193   1.195252     3.31898   214.20164
2019 194   1.195386     3.39045   214.89555
2019 195   1.195490     3.46140   215.58943
2019 196   1.195562     3.53184   216.28331
2019 197   1.195605     3.60175   216.97722
2019 198   1.195617     3.67114   217.67122
2019 199   1.195599     3.73998   218.36531
2019 200   1.195551     3.80829   219.05956
2019 201   1.195472     3.87604   219.75398
2019 202   1.195362     3.94324   220.44864
2019 203   1.195222     4.00987   221.14354
2019 204   1.195052     4.07593   221.83875
2019 205   1.194851     4.14142   222.53427
2019 206   1.194620     4.20632   223.23016
2019 207   1.194359     4.27062   223.92647
2019 208   1.194067     4.33433   224.62320
2019 209   1.193746     4.39743   225.32042
2019 210   1.193394     4.45992   226.01814
2019 211   1.193011     4.52179   226.71642
2019 212   1.192599     4.58303   227.41527
2019 213   1.192156     4.64363   228.11475
2019 214   1.191683     4.70359   228.81488
2019 215   1.191181     4.76290   229.51570
2019 216   1.190648     4.82155   230.21725
2019 217   1.190085     4.87953   230.91959
2019 218   1.189492     4.93684   231.62271
2019 219   1.188870     4.99347   232.32668
2019 220   1.188218     5.04941   233.03152
2019 221   1.187536     5.10465   233.73727
2019 222   1.186824     5.15918   234.44397
2019 223   1.186083     5.21299   235.15167
2019 224   1.185313     5.26608   235.86038
2019 225   1.184513     5.31844   236.57014
2019 226   1.183684     5.37006   237.28101
2019 227   1.182825     5.42093   237.99301
2019 228   1.181937     5.47103   238.70619
2019 229   1.181020     5.52037   239.42058
2019 230   1.180075     5.56894   240.13620
2019 231   1.179100     5.61671   240.85312
2019 232   1.178097     5.66370   241.57135
2019 233   1.177065     5.70987   242.29094
2019 234   1.176004     5.75523   243.01193
2019 235   1.174915     5.79977   243.73434
2019 236   1.173797     5.84347   244.45825
2019 237   1.172652     5.88633   245.18365
2019 238   1.171478     5.92833   245.91060
2019 239   1.170277     5.96947   246.63913
2019 240   1.169047     6.00973   247.36929
2019 241   1.167790     6.04910   248.10110
2019 242   1.166505     6.08758   248.83463
2019 243   1.165193     6.12515   249.56989
2019 244   1.163854     6.16180   250.30693
2019 245   1.162487     6.19752   251.04579
2019 246   1.161094     6.23230   251.78650
2019 247   1.159674     6.26612   252.52911
2019 248   1.158227     6.29899   253.27365
2019 249   1.156754     6.33087   254.02016
2019 250   1.155255     6.36177   254.76868
2019 251   1.153729     6.39166   255.51926
2019 252   1.152178     6.42055   256.27191
2019 253   1.150601     6.44841   257.02673
2019 254   1.148998     6.47523   257.78369
2019 255   1.147371     6.50101   258.54288
2019 256   1.145718     6.52572   259.30429
2019 257   1.144040     6.54938   260.06793
2019 258   1.142337     6.57197   260.83389
2019 259   1.140610     6.59348   261.60214
2019 260   1.138858     6.61391   262.37274
2019 261   1.137081     6.63324   263.14575
2019 262   1.135281     6.65145   263.92120
2019 263   1.133456     6.66852   264.69913
2019 264   1.131609     6.68445   265.47961
2019 265   1.129737     6.69922   266.26263
2019 266   1.127843     6.71283   267.04828
2019 267   1.125925     6.72525   267.83658
2019 268   1.123985     6.73649   268.62756
2019 269   1.122022     6.74652   269.42126
2019 270   1.120037     6.75532   270.21777
2019 271   1.118030     6.76287   271.01709
2019 272   1.116001     6.76918   271.81927
2019 273   1.113951     6.77423   272.62439
2019 274   1.111880     6.77801   273.43240
2019 275   1.109788     6.78050   274.24341
2019 276   1.107676     6.78166   275.05750
2019 277   1.105543     6.78150   275.87463
2019 278   1.103391     6.78001   276.69492
2019 279   1.101219     6.77717   277.51834
2019 280   1.099028     6.77298   278.34497
2019 281   1.096818     6.76741   279.17487
2019 282   1.094589     6.76045   280.00803
2019 283   1.092342     6.75209   280.84451
2019 284   1.090078     6.74229   281.68442
2019 285   1.087796     6.73104   282.52774
2019 286   1.085497     6.71835   283.37454
2019 287   1.083182     6.70419   284.22485
2019 288   1.080850     6.68856   285.07870
2019 289   1.078502     6.67144   285.93616
2019 290   1.076138     6.65281   286.79724
2019 291   1.073760     6.63263   287.66205
2019 292   1.071368     6.61091   288.53058
2019 293   1.068961     6.58763   289.40286
2019 294   1.066541     6.56279   290.27899
2019 295   1.064107     6.53636   291.15897
2019 296   1.061661     6.50835   292.04285
2019 297   1.059203     6.47872   292.93069
2019 298   1.056732     6.44746   293.82251
2019 299   1.054251     6.41453   294.71841
2019 300   1.051760     6.37994   295.61838
2019 301   1.049258     6.34368   296.52246
2019 302   1.046746     6.30574   297.43069
2019 303   1.044226     6.26611   298.34314
2019 304   1.041697     6.22477   299.25983
2019 305   1.039161     6.18170   300.18079
2019 306   1.036617     6.13686   301.10611
2019 307   1.034067     6.09027   302.03580
2019 308   1.031511     6.04192   302.96988
2019 309   1.028949     5.99180   303.90842
2019 310   1.026383     5.93990   304.85144
2019 311   1.023812     5.88621   305.79901
2019 312   1.021238     5.83068   306.75113
2019 313   1.018662     5.77332   307.70786
2019 314   1.016084     5.71414   308.66922
2019 315   1.013504     5.65313   309.63525
2019 316   1.010924     5.59028   310.60602
2019 317   1.008343     5.52558   311.58151
2019 318   1.005764     5.45902   312.56177
2019 319   1.003186     5.39054   313.54684
2019 320   1.000612     5.32010   314.53677
2019 321   0.998041     5.24771   315.53156
2019 322   0.995475     5.17336   316.53128
2019 323   0.992914     5.09705   317.53589
2019 324   0.990359     5.01878   318.54547
2019 325   0.987811     4.93854   319.56000
2019 326   0.985270     4.85633   320.57953
2019 327   0.982739     4.77216   321.60406
2019 328   0.980216     4.68602   322.63364
2019 329   0.977705     4.59792   323.66824
2019 330   0.975204     4.50786   324.70792
2019 331   0.972715     4.41586   325.75266
2019 332   0.970240     4.32191   326.80249
2019 333   0.967778     4.22602   327.85739
2019 334   0.965331     4.12821   328.91742
2019 335   0.962900     4.02848   329.98254
2019 336   0.960486     3.92686   331.05276
2019 337   0.958089     3.82334   332.12811
2019 338   0.955711     3.71796   333.20856
2019 339   0.953352     3.61073   334.29413
2019 340   0.951014     3.50166   335.38477
2019 341   0.948697     3.39079   336.48053
2019 342   0.946402     3.27813   337.58139
2019 343   0.944131     3.16370   338.68729
2019 344   0.941885     3.04755   339.79828
2019 345   0.939663     2.92969   340.91428
2019 346   0.937468     2.81016   342.03531
2019 347   0.935300     2.68899   343.16135
2019 348   0.933160     2.56621   344.29236
2019 349   0.931050     2.44187   345.42831
2019 350   0.928970     2.31600   346.56915
2019 351   0.926921     2.18865   347.71490
2019 352   0.924904     2.05986   348.86548
2019 353   0.922920     1.92968   350.02087
2019 354   0.920970     1.79815   351.18100
2019 355   0.919055     1.66533   352.34586
2019 356   0.917177     1.53127   353.51538
2019 357   0.915335     1.39602   354.68948
2019 358   0.913531     1.25964   355.86816
2019 359   0.911766     1.12219   357.05130
2019 360   0.910041     0.98373   358.23889
2019 361   0.908356     0.84433   359.43085
2019 362   0.906713     0.70404     0.62708
2019 363   0.905112     0.56295     1.82753
2019 364   0.903554     0.42112     3.03211
2019 365   0.902041     0.27861     4.24076
2020   1   0.900565     0.13552     5.45332
2020   2   0.899142    -0.00810     6.66983
2020   3   0.897766    -0.15217     7.89014
2020   4   0.896437    -0.29660     9.11415
2020   5   0.895157    -0.44132    10.34176
2020   6   0.893925    -0.58624    11.57287
2020   7   0.892743    -0.73128    12.80737
2020   8   0.891611    -0.87636    14.04516
2020   9   0.890530    -1.02139    15.28612
2020  10   0.889500    -1.16628    16.53014
2020  11   0.888523    -1.31095    17.77710
2020  12   0.887598    -1.45530    19.02687
2020  13   0.886727    -1.59925    20.27934
2020  14   0.885910    -1.74271    21.53437
2020  15   0.885147    -1.88559    22.79183
2020  16   0.884439    -2.02780    24.05159
2020  17   0.883786    -2.16924    25.31352
2020  18   0.883188    -2.30983    26.57747
2020  19   0.882647    -2.44948    27.84329
2020  20   0.882162    -2.58809    29.11086
2020  21   0.881733    -2.72558    30.38002
2020  22   0.881362    -2.86186    31.65061
2020  23   0.881048    -2.99684    32.92250
2020  24   0.880791    -3.13043    34.19553
2020  25   0.880591    -3.26254    35.46954
2020  26   0.880449    -3.39310    36.74438
2020  27   0.880365    -3.52201    38.01989
2020  28   0.880339    -3.64919    39.29592
2020  29   0.880370    -3.77457    40.57229
2020  30   0.880459    -3.89807    41.84886
2020  31   0.880606    -4.01960    43.12546
2020  32   0.880810    -4.13910    44.40193
2020  33   0.881072    -4.25649    45.67810
2020  34   0.881390    -4.37170    46.95383
2020  35   0.881766    -4.48466    48.22894
2020  36   0.882199    -4.59531    49.50327
2020  37   0.882689    -4.70358    50.77665
2020  38   0.883235    -4.80941    52.04894
2020  39   0.883836    -4.91276    53.31997
2020  40   0.884493    -5.01355    54.58958
2020  41   0.885206    -5.11175    55.85762
2020  42   0.885972    -5.20729    57.12392
2020  43   0.886794    -5.30014    58.38833
2020  44   0.887668    -5.39026    59.65070
2020  45   0.888596    -5.47760    60.91089
2020  46   0.889577    -5.56212    62.16873
2020  47   0.890610    -5.64380    63.42408
2020  48   0.891694    -5.72261    64.67681
2020  49   0.892828    -5.79851    65.92676
2020  50   0.894013    -5.87148    67.17380
2020  51   0.895247    -5.94150    68.41779
2020  52   0.896530    -6.00856    69.65859
2020  53   0.897861    -6.07264    70.89609
2020  54   0.899239    -6.13373    72.13014
2020  55   0.900664    -6.19181    73.36064
2020  56   0.902134    -6.24689    74.58745
2020  57   0.903649    -6.29896    75.81046
2020  58   0.905207    -6.34802    77.02956
2020  59   0.906809    -6.39407    78.24464
2020  60   0.908453    -6.43712    79.45560
2020  61   0.910139    -6.47718    80.66232
2020  62   0.911865    -6.51426    81.86472
2020  63   0.913630    -6.54837    83.06270
2020  64   0.915434    -6.57952    84.25616
2020  65   0.917276    -6.60774    85.44503
2020  66   0.919155    -6.63304    86.62922
2020  67   0.921069    -6.65544    87.80864
2020  68   0.923019    -6.67498    88.98324
2020  69   0.925003    -6.69167    90.15292
2020  70   0.927019    -6.70555    91.31764
2020  71   0.929068    -6.71663    92.47733
2020  72   0.931148    -6.72496    93.63193
2020  73   0.933258    -6.73057    94.78138
2020  74   0.935397    -6.73349    95.92563
2020  75   0.937565    -6.73375    97.06464
2020  76   0.939760    -6.73139    98.19836
2020  77   0.941981    -6.72646    99.32677
2020  78   0.944227    -6.71898   100.44981
2020  79   0.946499    -6.70900   101.56744
2020  80   0.948793    -6.69656   102.67967
2020  81   0.951111    -6.68170   103.78645
2020  82   0.953450    -6.66446   104.88775
2020  83   0.955809    -6.64489   105.98357
2020  84   0.958189    -6.62303   107.07388
2020  85   0.960588    -6.59892   108.15869
2020  86   0.963005    -6.57261   109.23797
2020  87   0.965439    -6.54414   110.31172
2020  88   0.967889    -6.51356   111.37994
2020  89   0.970356    -6.48091   112.44263
2020  90   0.972837    -6.44624   113.49979
2020  91   0.975332    -6.40960   114.55141
2020  92   0.977842    -6.37103   115.59753
2020  93   0.980364    -6.33059   116.63815
2020  94   0.982899    -6.28831   117.67326
2020  95   0.985446    -6.24425   118.70290
2020  96   0.988007    -6.19846   119.72707
2020  97   0.990580    -6.15100   120.74580
2020  98   0.993170    -6.10193   121.75912
2020  99   0.995781    -6.05135   122.76703
2020 100   0.998430    -5.99944   123.76955
2020 101   1.001231    -5.94726   124.76609
2020 102   1.003095    -5.91489   125.63386
2020 103   1.004226    -5.87780   126.49182
2020 104   1.005266    -5.83875   127.35027
2020 105   1.006229    -5.79818   128.20789
2020 106   1.007120    -5.75624   129.06435
2020 107   1.007940    -5.71300   129.91957
2020 108   1.008690    -5.66849   130.77357
2020 109   1.009370    -5.62274   131.62642
2020 110   1.009980    -5.57578   132.47818
2020 111   1.010522    -5.52762   133.32892
2020 112   1.010995    -5.47826   134.17877
2020 113   1.011399    -5.42774   135.02780
2020 114   1.011734    -5.37605   135.87614
2020 115   1.012000    -5.32319   136.72389
2020 116   1.012198    -5.26917   137.57117
2020 117   1.012328    -5.21401   138.41806
2020 118   1.012388    -5.15772   139.26469
2020 119   1.012380    -5.10030   140.11115
2020 120   1.012304    -5.04176   140.95755
2020 121   1.012159    -4.98210   141.80402
2020 122   1.011946    -4.92133   142.65063
2020 123   1.011665    -4.85946   143.49754
2020 124   1.011315    -4.79649   144.34483
2020 125   1.010897    -4.73242   145.19264
2020 126   1.010411    -4.66725   146.04106
2020 127   1.009856    -4.60099   146.89020
2020 128   1.009234    -4.53364   147.74020
2020 129   1.008543    -4.46520   148.59116
2020 130   1.007785    -4.39568   149.44318
2020 131   1.006958    -4.32508   150.29640
2020 132   1.006064    -4.25339   151.15092
2020 133   1.005102    -4.18063   152.00688
2020 134   1.004073    -4.10678   152.86440
2020 135   1.002976    -4.03185   153.72357
2020 136   1.001812    -3.95585   154.58452
2020 137   1.000580    -3.87877   155.44740
2020 138   0.999281    -3.80061   156.31230
2020 139   0.997915    -3.72137   157.17937
2020 140   0.996482    -3.64105   158.04872
2020 141   0.994983    -3.55966   158.92047
2020 142   0.993417    -3.47718   159.79478
2020 143   0.991785    -3.39363   160.67175
2020 144   0.990086    -3.30900   161.55153
2020 145   0.988322    -3.22328   162.43423
2020 146   0.986491    -3.13649   163.32002
2020 147   0.984595    -3.04861   164.20903
2020 148   0.982633    -2.95965   165.10136
2020 149   0.980606    -2.86960   165.99721
2020 150   0.978515    -2.77847   166.89667
2020 151   0.976358    -2.68625   167.79993
2020 152   0.974137    -2.59294   168.70709
2020 153   0.971852    -2.49855   169.61835
2020 154   0.969503    -2.40307   170.53381
2020 155   0.967090    -2.30650   171.45367
2020 156   0.964614    -2.20884   172.37808
2020 157   0.962075    -2.11009   173.30717
2020 158   0.959474    -2.01026   174.24113
2020 159   0.956810    -1.90933   175.18013
2020 160   0.954084    -1.80732   176.12431
2020 161   0.951297    -1.70421   177.07387
2020 162   0.948449    -1.60003   178.02896
2020 163   0.945541    -1.49476   178.98978
2020 164   0.942572    -1.38840   179.95650
2020 165   0.939543    -1.28097   180.92929
2020 166   0.936456    -1.17247   181.90837
2020 167   0.933310    -1.06289   182.89392
2020 168   0.930106    -0.95224   183.88612
2020 169   0.926844    -0.84054   184.88519
2020 170   0.923525    -0.72777   185.89131
2020 171   0.920151    -0.61396   186.90472
2020 172   0.916720    -0.49912   187.92560
2020 173   0.913235    -0.38324   188.95418
2020 174   0.909696    -0.26633   189.99068
2020 175   0.906103    -0.14842   191.03531
2020 176   0.902458    -0.02952   192.08832
2020 177   0.898760     0.09037   193.14993
2020 178   0.895012     0.21123   194.22038
2020 179   0.891214     0.33303   195.29991
2020 180   0.887367     0.45576   196.38878
2020 181   0.883472     0.57941   197.48721
2020 182   0.879530     0.70394   198.59549
2020 183   0.875542     0.82933   199.71388
2020 184   0.871509     0.95556   200.84262
2020 185   0.867432     1.08259   201.98201
2020 186   0.863313     1.21039   203.13231
2020 187   0.859153     1.33893   204.29381
2020 188   0.854953     1.46817   205.46680
2020 189   0.850715     1.59807   206.65155
2020 190   0.846440     1.72858   207.84837
2020 191   0.842129     1.85965   209.05756
2020 192   0.837784     1.99124   210.27943
2020 193   0.833407     2.12329   211.51428
2020 194   0.829000     2.25574   212.76244
2020 195   0.824564     2.38852   214.02422
2020 196   0.820101     2.52156   215.29993
2020 197   0.815613     2.65480   216.58989
2020 198   0.811103     2.78815   217.89445
2020 199   0.806572     2.92152   219.21396
2020 200   0.802022     3.05483   220.54871
2020 201   0.797456     3.18798   221.89905
2020 202   0.792876     3.32087   223.26532
2020 203   0.788284     3.45339   224.64787
2020 204   0.783684     3.58542   226.04701
2020 205   0.779077     3.71684   227.46310
2020 206   0.774467     3.84752   228.89648
2020 207   0.769857     3.97731   230.34747
2020 208   0.765249     4.10609   231.81639
2020 209   0.760646     4.23368   233.30359
2020 210   0.756052     4.35993   234.80936
2020 211   0.751470     4.48466   236.33403
2020 212   0.746904     4.60770   237.87790
2020 213   0.742356     4.72886   239.44127
2020 214   0.737830     4.84794   241.02441
2020 215   0.733331     4.96470   242.62772
2020 216   0.728863     5.07894   244.25146
2020 217   0.724428     5.19044   245.89575
2020 218   0.720032     5.29899   247.56078
2020 219   0.715679     5.40432   249.24673
2020 220   0.711372     5.50620   250.95383
2020 221   0.707116     5.60437   252.68216
2020 222   0.702916     5.69856   254.43185
2020 223   0.698776     5.78849   256.20300
2020 224   0.694700     5.87390   257.99567
2020 225   0.690695     5.95449   259.80984
2020 226   0.686763     6.02998   261.64551
2020 227   0.682911     6.10008   263.50262
2020 228   0.679143     6.16450   265.38101
2020 229   0.675463     6.22295   267.28058
2020 230   0.671878     6.27513   269.20108
2020 231   0.668392     6.32075   271.14227
2020 232   0.665010     6.35954   273.10382
2020 233   0.661737     6.39121   275.08539
2020 234   0.658578     6.41550   277.08652
2020 235   0.655538     6.43215   279.10675
2020 236   0.652622     6.44091   281.14551
2020 237   0.649834     6.44155   283.20221
2020 238   0.647179     6.43387   285.27618
2020 239   0.644662     6.41766   287.36673
2020 240   0.642287     6.39277   289.47299
2020 241   0.640058     6.35903   291.59418
2020 242   0.637980     6.31634   293.72937
2020 243   0.636056     6.26460   295.87762
2020 244   0.634290     6.20375   298.03790
2020 245   0.632685     6.13375   300.20914
2020 246   0.631245     6.05462   302.39026
2020 247   0.629971     5.96639   304.58008
2020 248   0.628868     5.86912   306.77747
2020 249   0.627936     5.76293   308.98114
2020 250   0.627178     5.64795   311.18991
2020 251   0.626596     5.52437   313.40250
2020 252   0.626190     5.39239   315.61761
2020 253   0.625961     5.25225   317.83398
2020 254   0.625911     5.10424   320.05032
2020 255   0.626039     4.94865   322.26535
2020 256   0.626344     4.78583   324.47778
2020 257   0.626827     4.61612   326.68634
2020 258   0.627486     4.43991   328.88983
2020 259   0.628320     4.25761   331.08701
2020 260   0.629327     4.06963   333.27670
2020 261   0.630506     3.87642   335.45776
2020 262   0.631854     3.67841   337.62912
2020 263   0.633368     3.47607   339.78967
2020 264   0.635045     3.26985   341.93848
2020 265   0.636882     3.06022   344.07449
2020 266   0.638877     2.84764   346.19690
2020 267   0.641024     2.63257   348.30478
2020 268   0.643321     2.41547   350.39740
2020 269   0.645762     2.19677   352.47400
2020 270   0.648345     1.97692   354.53387
2020 271   0.651063     1.75633   356.57648
2020 272   0.653914     1.53542   358.60117
2020 273   0.656891     1.31458     0.60752
2020 274   0.659990     1.09418     2.59503
2020 275   0.663207     0.87457     4.56334
2020 276   0.666537     0.65610     6.51209
2020 277   0.669973     0.43909     8.44099
2020 278   0.673513     0.22383    10.34981
2020 279   0.677150     0.01060    12.23836
2020 280   0.680879    -0.20034    14.10647
2020 281   0.684696    -0.40876    15.95406
2020 282   0.688596    -0.61444    17.78105
2020 283   0.692573    -0.81717    19.58741
2020 284   0.696625    -1.01679    21.37315
2020 285   0.700745    -1.21314    23.13831
2020 286   0.704930    -1.40608    24.88296
2020 287   0.709177    -1.59552    26.60721
2020 288   0.713485    -1.78141    28.31121
2020 289   0.717885    -1.96423    29.99529
2020 290   0.722452    -2.06806    31.53581
2020 291   0.726769    -2.15268    33.03529
2020 292   0.731008    -2.23487    34.51765
2020 293   0.735174    -2.31465    35.98334
2020 294   0.739267    -2.39206    37.43287
2020 295   0.743286    -2.46712    38.86679
2020 296   0.747231    -2.53986    40.28561
2020 297   0.751098    -2.61032    41.68985
2020 298   0.754888    -2.67849    43.07987
2020 299   0.758599    -2.74441    44.45611
2020 300   0.762228    -2.80812    45.81923
2020 301   0.765776    -2.86967    47.16973
2020 302   0.769241    -2.92908    48.50808
2020 303   0.772621    -2.98640    49.83470
2020 304   0.775917    -3.04165    51.15006
2020 305   0.779126    -3.09486    52.45457
2020 306   0.782247    -3.14605    53.74865
2020 307   0.785281    -3.19526    55.03273
2020 308   0.788226    -3.24252    56.30718
2020 309   0.791081    -3.28784    57.57241
2020 310   0.793846    -3.33126    58.82880
2020 311   0.796520    -3.37280    60.07672
2020 312   0.799102    -3.41249    61.31654
2020 313   0.801592    -3.45035    62.54861
2020 314   0.803989    -3.48640    63.77330
2020 315   0.806292    -3.52067    64.99094
2020 316   0.808501    -3.55317    66.20187
2020 317   0.810616    -3.58393    67.40643
2020 318   0.812636    -3.61296    68.60493
2020 319   0.814560    -3.64029    69.79771
2020 320   0.816389    -3.66593    70.98508
2020 321   0.818122    -3.68990    72.16735
2020 322   0.819759    -3.71221    73.34482
2020 323   0.821298    -3.73289    74.51779
2020 324   0.822741    -3.75193    75.68657
2020 325   0.824087    -3.76936    76.85144
2020 326   0.825335    -3.78520    78.01270
2020 327   0.826485    -3.79944    79.17062
2020 328   0.827538    -3.81210    80.32550
2020 329   0.828493    -3.82320    81.47762
2020 330   0.829349    -3.83273    82.62724
2020 331   0.830107    -3.84071    83.77466
2020 332   0.830766    -3.84715    84.92014
2020 333   0.831327    -3.85204    86.06395
2020 334   0.831789    -3.85540    87.20637
2020 335   0.832152    -3.85724    88.34766
2020 336   0.832416    -3.85755    89.48810
2020 337   0.832582    -3.85633    90.62794
2020 338   0.832649    -3.85360    91.76747
2020 339   0.832616    -3.84934    92.90694
2020 340   0.832485    -3.84357    94.04662
2020 341   0.832255    -3.83628    95.18678
2020 342   0.831926    -3.82746    96.32767
2020 343   0.831498    -3.81712    97.46959
2020 344   0.830971    -3.80526    98.61279
2020 345   0.830346    -3.79187    99.75754
2020 346   0.829622    -3.77694   100.90411
2020 347   0.828800    -3.76047   102.05279
2020 348   0.827879    -3.74246   103.20383
2020 349   0.826860    -3.72289   104.35754
2020 350   0.825743    -3.70176   105.51416
2020 351   0.824529    -3.67906   106.67400
2020 352   0.823216    -3.65478   107.83734
2020 353   0.821807    -3.62891   109.00447
2020 354   0.820300    -3.60144   110.17568
2020 355   0.818696    -3.57235   111.35127
2020 356   0.816996    -3.54164   112.53153
2020 357   0.815199    -3.50929   113.71678
2020 358   0.813307    -3.47528   114.90732
2020 359   0.811319    -3.43960   116.10346
2020 360   0.809236    -3.40224   117.30553
2020 361   0.807058    -3.36317   118.51385
2020 362   0.804786    -3.32239   119.72875
2020 363   0.802420    -3.27986   120.95057
2020 364   0.799961    -3.23558   122.17966
2020 365   0.797410    -3.18952   123.41635
2020 366   0.794766    -3.14166   124.66102
2021   1   0.792030    -3.09199   125.91386
2021   2   0.789204    -3.04047   127.17556
2021   3   0.786288    -2.98708   128.44635
2021   4   0.783283    -2.93181   129.72662
2021   5   0.780190    -2.87463   131.01677
2021   6   0.777009    -2.81552   132.31721
2021   7   0.773741    -2.75444   133.62836
2021   8   0.770388    -2.69139   134.95062
2021   9   0.766950    -2.62632   136.28447
2021  10   0.763429    -2.55922   137.63033
2021  11   0.759826    -2.49007   138.98866
2021  12   0.756141    -2.41882   140.35994
2021  13   0.752377    -2.34547   141.74464
2021  14   0.748535    -2.26999   143.14326
2021  15   0.744616    -2.19234   144.55634
2021  16   0.740622    -2.11251   145.98433
2021  17   0.736555    -2.03048   147.42783
2021  18   0.732416    -1.94622   148.88733
2021  19   0.728207    -1.85971   150.36342
2021  20   0.723931    -1.77093   151.85666
2021  21   0.719589    -1.67986   153.36765
2021  22   0.715184    -1.58649   154.89696
2021  23   0.710719    -1.49081   156.44522
2021  24   0.706194    -1.39280   158.01306
2021  25   0.701614    -1.29245   159.60112
2021  26   0.696982    -1.18977   161.21002
2021  27   0.692299    -1.08474   162.84047
2021  28   0.687570    -0.97739   164.49312
2021  29   0.682798    -0.86772   166.16867
2021  30   0.677986    -0.75574   167.86781
2021  31   0.673138    -0.64148   169.59123
2021  32   0.668258    -0.52496   171.33969
2021  33   0.663350    -0.40622   173.11386
2021  34   0.658418    -0.28531   174.91451
2021  35   0.653468    -0.16228   176.74236
2021  36   0.648503    -0.03720   178.59811
2021  37   0.643529     0.08985   180.48253
2021  38   0.638552     0.21877   182.39635
2021  39   0.633576     0.34948   184.34026
2021  40   0.628608     0.48184   186.31497
2021  41   0.623653     0.61571   188.32120
2021  42   0.618719     0.75096   190.35959
2021  43   0.613811     0.88740   192.43080
2021  44   0.608938     1.02484   194.53545
2021  45   0.604105     1.16307   196.67409
2021  46   0.599320     1.30187   198.84727
2021  47   0.594592     1.44096   201.05548
2021  48   0.589927     1.58008   203.29913
2021  49   0.585335     1.71892   205.57857
2021  50   0.580824     1.85715   207.89407
2021  51   0.576402     1.99442   210.24585
2021  52   0.572079     2.13035   212.63397
2021  53   0.567863     2.26454   215.05844
2021  54   0.563763     2.39657   217.51912
2021  55   0.559790     2.52600   220.01578
2021  56   0.555952     2.65235   222.54802
2021  57   0.552259     2.77514   225.11533
2021  58   0.548719     2.89388   227.71701
2021  59   0.545344     3.00805   230.35223
2021  60   0.542140     3.11714   233.01999
2021  61   0.539119     3.22062   235.71912
2021  62   0.536287     3.31799   238.44824
2021  63   0.533654     3.40872   241.20584
2021  64   0.531228     3.49233   243.99020
2021  65   0.529016     3.56833   246.79948
2021  66   0.527026     3.63629   249.63161
2021  67   0.525263     3.69577   252.48438
2021  68   0.523735     3.74640   255.35544
2021  69   0.522445     3.78785   258.24231
2021  70   0.521398     3.81984   261.14233
2021  71   0.520598     3.84213   264.05286
2021  72   0.520048     3.85456   266.97107
2021  73   0.519750     3.85701   269.89407
2021  74   0.519704     3.84946   272.81900
2021  75   0.519911     3.83190   275.74295
2021  76   0.520370     3.80445   278.66299
2021  77   0.521079     3.76724   281.57626
2021  78   0.522037     3.72048   284.47995
2021  79   0.523238     3.66446   287.37131
2021  80   0.524680     3.59948   290.24771
2021  81   0.526358     3.52592   293.10663
2021  82   0.528265     3.44420   295.94565
2021  83   0.530396     3.35476   298.76254
2021  84   0.532744     3.25808   301.55521
2021  85   0.535301     3.15468   304.32175
2021  86   0.538059     3.04507   307.06039
2021  87   0.541010     2.92979   309.76953
2021  88   0.544145     2.80936   312.44781
2021  89   0.547456     2.68434   315.09402
2021  90   0.550933     2.55524   317.70703
2021  91   0.554568     2.42260   320.28601
2021  92   0.558350     2.28691   322.83023
2021  93   0.562271     2.14867   325.33911
2021  94   0.566320     2.00835   327.81219
2021  95   0.570490     1.86639   330.24924
2021  96   0.574770     1.72322   332.65005
2021  97   0.579152     1.57923   335.01462
2021  98   0.583626     1.43480   337.34296
2021  99   0.588184     1.29027   339.63522
2021 100   0.592817     1.14596   341.89169
2021 101   0.597517     1.00216   344.11267
2021 102   0.602276     0.85916   346.29858
2021 103   0.607087     0.71718   348.44986
2021 104   0.611941     0.57645   350.56702
2021 105   0.616832     0.43717   352.65063
2021 106   0.621752     0.29953   354.70126
2021 107   0.626695     0.16368   356.71960
2021 108   0.631654     0.02976   358.70624
2021 109   0.636622    -0.10211     0.66191
2021 110   0.641595    -0.23182     2.58728
2021 111   0.646566    -0.35928     4.48308
2021 112   0.651530    -0.48441     6.35001
2021 113   0.656482    -0.60715     8.18881
2021 114   0.661416    -0.72744    10.00021
2021 115   0.666329    -0.84525    11.78492
2021 116   0.671216    -0.96053    13.54369
2021 117   0.676073    -1.07327    15.27722
2021 118   0.680895    -1.18344    16.98623
2021 119   0.685679    -1.29104    18.67143
2021 120   0.690421    -1.39606    20.33351
2021 121   0.695118    -1.49851    21.97317
2021 122   0.699766    -1.59839    23.59108
2021 123   0.704363    -1.69570    25.18791
2021 124   0.708906    -1.79047    26.76430
2021 125   0.713392    -1.88272    28.32090
2021 126   0.717818    -1.97245    29.85833
2021 127   0.722182    -2.05970    31.37722
2021 128   0.726481    -2.14449    32.87815
2021 129   0.730714    -2.22684    34.36171
2021 130   0.734878    -2.30679    35.82849
2021 131   0.738972    -2.38436    37.27903
2021 132   0.742993    -2.45958    38.71387
2021 133   0.746940    -2.53244    40.13337
2021 134   0.750811    -2.60297    41.53800
2021 135   0.754605    -2.67120    42.92829
2021 136   0.758320    -2.73718    44.30481
2021 137   0.761954    -2.80094    45.66799
2021 138   0.765506    -2.86252    47.01834
2021 139   0.768975    -2.92196    48.35649
2021 140   0.772359    -2.97930    49.68290
2021 141   0.775658    -3.03458    50.99802
2021 142   0.778869    -3.08782    52.30228
2021 143   0.781994    -3.13906    53.59610
2021 144   0.785029    -3.18831    54.87989
2021 145   0.787975    -3.23560    56.15405
2021 146   0.790831    -3.28098    57.41898
2021 147   0.793596    -3.32445    58.67506
2021 148   0.796269    -3.36604    59.92268
2021 149   0.798850    -3.40579    61.16219
2021 150   0.801338    -3.44371    62.39395
2021 151   0.803733    -3.47983    63.61833
2021 152   0.806034    -3.51416    64.83566
2021 153   0.808240    -3.54673    66.04630
2021 154   0.810351    -3.57757    67.25056
2021 155   0.812367    -3.60668    68.44880
2021 156   0.814286    -3.63409    69.64130
2021 157   0.816110    -3.65981    70.82841
2021 158   0.817837    -3.68387    72.01044
2021 159   0.819467    -3.70627    73.18767
2021 160   0.821000    -3.72702    74.36027
2021 161   0.822434    -3.74613    75.52864
2021 162   0.823771    -3.76364    76.69313
2021 163   0.825009    -3.77955    77.85403
2021 164   0.826150    -3.79388    79.01163
2021 165   0.827191    -3.80662    80.16621
2021 166   0.828134    -3.81781    81.31805
2021 167   0.828978    -3.82743    82.46744
2021 168   0.829723    -3.83550    83.61465
2021 169   0.830369    -3.84204    84.75995
2021 170   0.830916    -3.84703    85.90363
2021 171   0.831363    -3.85050    87.04595
2021 172   0.831711    -3.85243    88.18719
2021 173   0.831959    -3.85285    89.32761
2021 174   0.832108    -3.85174    90.46748
2021 175   0.832157    -3.84911    91.60708
2021 176   0.832107    -3.84497    92.74667
2021 177   0.831957    -3.83931    93.88652
2021 178   0.831708    -3.83212    95.02689
2021 179   0.831359    -3.82342    96.16808
2021 180   0.830910    -3.81320    97.31032
2021 181   0.830363    -3.80145    98.45390
2021 182   0.829716    -3.78817    99.59911
2021 183   0.828969    -3.77335   100.74619
2021 184   0.828124    -3.75700   101.89544
2021 185   0.827179    -3.73910   103.04721
2021 186   0.826136    -3.71965   104.20174
2021 187   0.824994    -3.69863   105.35927
2021 188   0.823754    -3.67605   106.52009
2021 189   0.822415    -3.65188   107.68449
2021 190   0.820979    -3.62611   108.85275
2021 191   0.819445    -3.59875   110.02518
2021 192   0.817813    -3.56976   111.20208
2021 193   0.816084    -3.53915   112.38374
2021 194   0.814259    -3.50688   113.57048
2021 195   0.812337    -3.47296   114.76261
2021 196   0.810319    -3.43737   115.96044
2021 197   0.808205    -3.40008   117.16431
2021 198   0.805997    -3.36109   118.37453
2021 199   0.803693    -3.32036   119.59145
2021 200   0.801295    -3.27789   120.81540
2021 201   0.798803    -3.23366   122.04673
2021 202   0.796218    -3.18764   123.28580
2021 203   0.793541    -3.13981   124.53297
2021 204   0.790771    -3.09015   125.78862
2021 205   0.787911    -3.03864   127.05311
2021 206   0.784960    -2.98526   128.32683
2021 207   0.781919    -2.92998   129.61018
2021 208   0.778789    -2.87278   130.90356
2021 209   0.775571    -2.81362   132.20740
2021 210   0.772266    -2.75250   133.52211
2021 211   0.768874    -2.68938   134.84811
2021 212   0.765398    -2.62424   136.18587
2021 213   0.761837    -2.55704   137.53583
2021 214   0.758194    -2.48776   138.89845
2021 215   0.754469    -2.41639   140.27423
2021 216   0.750663    -2.34289   141.66364
2021 217   0.746778    -2.26723   143.06717
2021 218   0.742816    -2.18940   144.48537
2021 219   0.738776    -2.10936   145.91872
2021 220   0.734660    -2.02710   147.36775
2021 221   0.730467    -1.94260   148.83299
2021 222   0.726188    -1.85584   150.31474
2021 223   0.722763    -1.80757   151.70665
2021 224   0.720838    -1.80782   152.98674
2021 225   0.718715    -1.80671   154.27556
2021 226   0.716387    -1.80454   155.57280
2021 227   0.713855    -1.80136   156.87907
2021 228   0.711116    -1.79718   158.19513
2021 229   0.708171    -1.79197   159.52182
2021 230   0.705019    -1.78574   160.86005
2021 231   0.701660    -1.77844   162.21071
2021 232   0.698094    -1.77006   163.57478
2021 233   0.694321    -1.76055   164.95326
2021 234   0.690340    -1.74988   166.34723
2021 235   0.686152    -1.73803   167.75778
2021 236   0.681758    -1.72496   169.18610
2021 237   0.677155    -1.71061   170.63338
2021 238   0.672346    -1.69495   172.10089
2021 239   0.667330    -1.67791   173.59001
2021 240   0.662107    -1.65945   175.10213
2021 241   0.656678    -1.63951   176.63873
2021 242   0.651044    -1.61801   178.20145
2021 243   0.645204    -1.59490   179.79190
2021 244   0.639161    -1.57009   181.41190
2021 245   0.632914    -1.54351   183.06331
2021 246   0.626465    -1.51506   184.74815
2021 247   0.619816    -1.48467   186.46857
2021 248   0.612968    -1.45222   188.22681
2021 249   0.605923    -1.41761   190.02530
2021 250   0.598684    -1.38073   191.86665
2021 251   0.591253    -1.34145   193.75365
2021 252   0.583634    -1.29965   195.68922
2021 253   0.575831    -1.25519   197.67657
2021 254   0.567849    -1.20792   199.71910
2021 255   0.559691    -1.15768   201.82045
2021 256   0.551366    -1.10432   203.98456
2021 257   0.542878    -1.04765   206.21559
2021 258   0.534237    -0.98751   208.51808
2021 259   0.525451    -0.92369   210.89687
2021 260   0.516532    -0.85601   213.35709
2021 261   0.507490    -0.78428   215.90430
2021 262   0.498341    -0.70830   218.54442
2021 263   0.489099    -0.62787   221.28372
2021 264   0.479783    -0.54281   224.12892
2021 265   0.470413    -0.45296   227.08707
2021 266   0.461012    -0.35817   230.16560
2021 267   0.451608    -0.25833   233.37231
2021 268   0.442229    -0.15341   236.71519
2021 269   0.432909    -0.04339   240.20248
2021 270   0.423687     0.07160   243.84245
2021 271   0.414604     0.19135   247.64322
2021 272   0.405708     0.31550   251.61259
2021 273   0.397050     0.44351   255.75769
2021 274   0.388686     0.57461   260.08472
2021 275   0.380650     0.70853   264.59909
2021 276   0.372121     0.91449   269.20554
2021 277   0.363984     1.12368   274.02237
2021 278   0.356306     1.33368   279.05383
2021 279   0.349168     1.54163   284.29987
2021 280   0.342652     1.74417   289.75616
2021 281   0.336843     1.93743   295.41357
2021 282   0.331822     2.11720   301.25720
2021 283   0.327666     2.27906   307.26602
2021 284   0.324443     2.41872   313.41302
2021 285   0.322209     2.53224   319.66550
2021 286   0.321004     2.61640   325.98599
2021 287   0.320852     2.66894   332.33395
2021 288   0.321755     2.68880   338.66745
2021 289   0.323697     2.67614   344.94522
2021 290   0.326642     2.63233   351.12860
2021 291   0.330539     2.55979   357.18323
2021 292   0.335323     2.46171     3.08007
2021 293   0.340920     2.34177     8.79614
2021 294   0.347249     2.20386    14.31462
2021 295   0.354226     2.05186    19.62453
2021 296   0.361768     1.88940    24.72010
2021 297   0.369792     1.71978    29.60005
2021 298   0.378222     1.54587    34.26669
2021 299   0.386984     1.37010    38.72512
2021 300   0.396012     1.19448    42.98252
2021 301   0.405245     1.02062    47.04745
2021 302   0.414628     0.84976    50.92936
2021 303   0.424112     0.68285    54.63818
2021 304   0.433655     0.52058    58.18396
2021 305   0.443216     0.36343    61.57670
2021 306   0.452764     0.21168    64.82612
2021 307   0.462267     0.06553    67.94153
2021 308   0.471700    -0.07493    70.93184
2021 309   0.481041    -0.20973    73.80543
2021 310   0.490270    -0.33892    76.57021
2021 311   0.499370    -0.46263    79.23358
2021 312   0.508326    -0.58100    81.80242
2021 313   0.517125    -0.69420    84.28316
2021 314   0.525757    -0.80241    86.68176
2021 315   0.534212    -0.90583    89.00374
2021 316   0.542481    -1.00464    91.25427
2021 317   0.550559    -1.09903    93.43810
2021 318   0.558438    -1.18920    95.55966
2021 319   0.566114    -1.27533    97.62306
2021 320   0.573582    -1.35760    99.63211
2021 321   0.580838    -1.43618   101.59036
2021 322   0.587880    -1.51123   103.50111
2021 323   0.594705    -1.58291   105.36744
2021 324   0.601310    -1.65137   107.19220
2021 325   0.607695    -1.71674   108.97807
2021 326   0.613856    -1.77916   110.72757
2021 327   0.619793    -1.83876   112.44303
2021 328   0.625505    -1.89564   114.12665
2021 329   0.630992    -1.94992   115.78050
2021 330   0.636252    -2.00170   117.40652
2021 331   0.641285    -2.05108   119.00653
2021 332   0.646091    -2.09815   120.58228
2021 333   0.650669    -2.14299   122.13539
2021 334   0.655020    -2.18567   123.66742
2021 335   0.659143    -2.22627   125.17984
2021 336   0.663038    -2.26487   126.67404
2021 337   0.666706    -2.30151   128.15138
2021 338   0.670146    -2.33621   129.61327
2021 339   0.673359    -2.36900   131.06102
2021 340   0.676346    -2.39990   132.49580
2021 341   0.679106    -2.42897   133.91878
2021 342   0.681640    -2.45623   135.33098
2021 343   0.683948    -2.48172   136.73349
2021 344   0.686030    -2.50546   138.12730
2021 345   0.687887    -2.52748   139.51341
2021 346   0.689520    -2.54783   140.89268
2021 347   0.690927    -2.56664   142.26595
2021 348   0.692109    -2.58392   143.63409
2021 349   0.693066    -2.59967   144.99806
2021 350   0.693798    -2.61393   146.35875
2021 351   0.694305    -2.62669   147.71703
2021 352   0.694588    -2.63796   149.07379
2021 353   0.694647    -2.64775   150.42992
2021 354   0.694480    -2.65606   151.78627
2021 355   0.694089    -2.66289   153.14372
2021 356   0.693474    -2.66824   154.50316
2021 357   0.692633    -2.67209   155.86546
2021 358   0.691568    -2.67444   157.23154
2021 359   0.690278    -2.67527   158.60226
2021 360   0.688763    -2.67456   159.97858
2021 361   0.687024    -2.67230   161.36140
2021 362   0.685059    -2.66846   162.75171
2021 363   0.682868    -2.66301   164.15045
2021 364   0.680453    -2.65593   165.55865
2021 365   0.677812    -2.64717   166.97736
2022   1   0.674940    -2.63673   168.40741
2022   2   0.671847    -2.62451   169.85033
2022   3   0.668529    -2.61048   171.30705
2022   4   0.664984    -2.59460   172.77876
2022   5   0.661214    -2.57681   174.26672
2022   6   0.657217    -2.55703   175.77222
2022   7   0.652995    -2.53522   177.29662
2022   8   0.648547    -2.51128   178.84134
2022   9   0.643872    -2.48514   180.40790
2022  10   0.638973    -2.45671   181.99785
2022  11   0.633848    -2.42590   183.61287
2022  12   0.628498    -2.39260   185.25475
2022  13   0.622924    -2.35671   186.92532
2022  14   0.617127    -2.31810   188.62659
2022  15   0.611107    -2.27664   190.36064
2022  16   0.604867    -2.23219   192.12975
2022  17   0.598406    -2.18460   193.93629
2022  18   0.591727    -2.13372   195.78284
2022  19   0.584832    -2.07937   197.67210
2022  20   0.577723    -2.02135   199.60703
2022  21   0.570404    -1.95948   201.59074
2022  22   0.562877    -1.89354   203.62663
2022  23   0.555147    -1.82330   205.71831
2022  24   0.547219    -1.74851   207.86967
2022  25   0.539098    -1.66893   210.08488
2022  26   0.530790    -1.58428   212.36850
2022  27   0.522303    -1.49426   214.72533
2022  28   0.513647    -1.39859   217.16063
2022  29   0.504830    -1.29695   219.68001
2022  30   0.495864    -1.18903   222.28954
2022  31   0.486764    -1.07450   224.99570
2022  32   0.477545    -0.95304   227.80548
2022  33   0.468225    -0.82435   230.72632
2022  34   0.458823    -0.68814   233.76614
2022  35   0.449365    -0.54415   236.93341
2022  36   0.439877    -0.39220   240.23697
2022  37   0.430390    -0.23216   243.68610
2022  38   0.420939    -0.06403   247.29034
2022  39   0.411565     0.11205   251.05951
2022  40   0.402312     0.29576   255.00333
2022  41   0.393230     0.48652   259.13126
2022  42   0.384376     0.68347   263.45218
2022  43   0.375812     0.88538   267.97388
2022  44   0.367607     1.09058   272.70251
2022  45   0.359832     1.29697   277.64206
2022  46   0.352566     1.50189   282.79337
2022  47   0.345889     1.70219   288.15335
2022  48   0.339885     1.89421   293.71417
2022  49   0.334633     2.07391   299.46301
2022  50   0.330210     2.23703   305.38129
2022  51   0.326685     2.37933   311.44449
2022  52   0.324116     2.49684   317.62253
2022  53   0.322549     2.58620   323.88037
2022  54   0.322010     2.64491   330.17944
2022  55   0.322509     2.67154   336.47919
2022  56   0.324037     2.66589   342.73907
2022  57   0.326566     2.62904   348.92053
2022  58   0.330052     2.56315   354.98868
2022  59   0.334437     2.47113     0.91305
2022  60   0.339651     2.35646     6.66884
2022  61   0.345619     2.22290    12.23716
2022  62   0.352259     2.07427    17.60493
2022  63   0.359489     1.91422    22.76437
2022  64   0.367228     1.74613    27.71234
2022  65   0.375399     1.57296    32.44955
2022  66   0.383929     1.39727    36.97978
2022  67   0.392749     1.22117    41.30910
2022  68   0.401798     1.04639    45.44524
2022  69   0.411018     0.87427    49.39700
2022  70   0.420360     0.70586    53.17383
2022  71   0.429778     0.54193    56.78548
2022  72   0.439232     0.38302    60.24172
2022  73   0.448687     0.22949    63.55214
2022  74   0.458111     0.08157    66.72604
2022  75   0.467478    -0.06065    69.77231
2022  76   0.476763    -0.19714    72.69939
2022  77   0.485946    -0.32797    75.51527
2022  78   0.495008    -0.45323    78.22740
2022  79   0.503935    -0.57306    80.84280
2022  80   0.512713    -0.68762    83.36797
2022  81   0.521329    -0.79709    85.80901
2022  82   0.529774    -0.90166    88.17155
2022  83   0.538038    -1.00152    90.46085
2022  84   0.546115    -1.09687    92.68178
2022  85   0.553997    -1.18790    94.83886
2022  86   0.561680    -1.27479    96.93629
2022  87   0.569158    -1.35772    98.97799
2022  88   0.576428    -1.43688   100.96758
2022  89   0.583486    -1.51243   102.90845
2022  90   0.590328    -1.58453   104.80376
2022  91   0.596954    -1.65332   106.65642
2022  92   0.603359    -1.71896   108.46919
2022  93   0.609544    -1.78157   110.24464
2022  94   0.615506    -1.84129   111.98518
2022  95   0.621244    -1.89824   113.69304
2022  96   0.626758    -1.95252   115.37035
2022  97   0.632046    -2.00425   117.01910
2022  98   0.637108    -2.05352   118.64117
2022  99   0.641943    -2.10044   120.23831
2022 100   0.646552    -2.14523   121.81204
2022 101   0.650933    -2.18795   123.36398
2022 102   0.655087    -2.22855   124.89578
2022 103   0.659014    -2.26709   126.40887
2022 104   0.662713    -2.30364   127.90464
2022 105   0.666184    -2.33825   129.38438
2022 106   0.669429    -2.37098   130.84933
2022 107   0.672446    -2.40188   132.30072
2022 108   0.675236    -2.43099   133.73970
2022 109   0.677799    -2.45836   135.16736
2022 110   0.680136    -2.48402   136.58479
2022 111   0.682245    -2.50802   137.99304
2022 112   0.684129    -2.53037   139.39313
2022 113   0.685785    -2.55111   140.78603
2022 114   0.687216    -2.57027   142.17271
2022 115   0.688420    -2.58785   143.55412
2022 116   0.689398    -2.60388   144.93121
2022 117   0.690151    -2.61838   146.30487
2022 118   0.690677    -2.63135   147.67603
2022 119   0.690978    -2.64281   149.04555
2022 120   0.691053    -2.65275   150.41437
2022 121   0.690902    -2.66118   151.78334
2022 122   0.690525    -2.66810   153.15340
2022 123   0.689923    -2.67350   154.52539
2022 124   0.689095    -2.67738   155.90025
2022 125   0.688040    -2.67972   157.27888
2022 126   0.686760    -2.68051   158.66220
2022 127   0.685254    -2.67974   160.05115
2022 128   0.683522    -2.67738   161.44666
2022 129   0.681563    -2.67341   162.84973
2022 130   0.679378    -2.66780   164.26134
2022 131   0.676967    -2.66052   165.68253
2022 132   0.674329    -2.65153   167.11432
2022 133   0.671464    -2.64079   168.55783
2022 134   0.668373    -2.62826   170.01419
2022 135   0.665055    -2.61389   171.48454
2022 136   0.661509    -2.59763   172.97011
2022 137   0.657737    -2.57941   174.47217
2022 138   0.653738    -2.55917   175.99203
2022 139   0.649511    -2.53684   177.53110
2022 140   0.645058    -2.51235   179.09082
2022 141   0.640378    -2.48560   180.67274
2022 142   0.635472    -2.45650   182.27847
2022 143   0.630340    -2.42497   183.90971
2022 144   0.624982    -2.39090   185.56824
2022 145   0.619400    -2.35418   187.25597
2022 146   0.613593    -2.31467   188.97493
2022 147   0.607564    -2.27225   190.72728
2022 148   0.601313    -2.22678   192.51530
2022 149   0.594841    -2.17810   194.34145
2022 150   0.588151    -2.12605   196.20834
2022 151   0.581245    -2.07044   198.11877
2022 152   0.574126    -2.01110   200.07573
2022 153   0.566795    -1.94780   202.08243
2022 154   0.559258    -1.88034   204.14230
2022 155   0.551518    -1.80849   206.25908
2022 156   0.543581    -1.73198   208.43672
2022 157   0.535452    -1.65057   210.67952
2022 158   0.527138    -1.56398   212.99210
2022 159   0.518646    -1.47191   215.37941
2022 160   0.509986    -1.37406   217.84680
2022 161   0.501169    -1.27012   220.40002
2022 162   0.492207    -1.15976   223.04526
2022 163   0.483113    -1.04268   225.78915
2022 164   0.473905    -0.91855   228.63882
2022 165   0.464601    -0.78706   231.60184
2022 166   0.455221    -0.64795   234.68629
2022 167   0.445792    -0.50098   237.90073
2022 168   0.436341    -0.34597   241.25415
2022 169   0.426900    -0.18284   244.75589
2022 170   0.417506    -0.01164   248.41560
2022 171   0.408200     0.16745   252.24304
2022 172   0.399029     0.35402   256.24792
2022 173   0.390044     0.54741   260.43951
2022 174   0.381302     0.74661   264.82666
2022 175   0.372414     0.97752   269.32874
2022 176   0.363511     1.23265   273.98499
2022 177   0.354898     1.49161   278.87204
2022 178   0.346650     1.75149   283.99817
2022 179   0.338853     2.00864   289.36874
2022 180   0.331597     2.25859   294.98511
2022 181   0.324978     2.49612   300.84357
2022 182   0.319093     2.71533   306.93402
2022 183   0.314035     2.90993   313.23907
2022 184   0.309893     3.07353   319.73312
2022 185   0.306744     3.20018   326.38306
2022 186   0.304652     3.28487   333.14844
2022 187   0.303659     3.32405   339.98343
2022 188   0.303787     3.31601   346.83813
2022 189   0.305033     3.26102   353.66150
2022 190   0.307371     3.16138     0.40406
2022 191   0.310754     3.02114     7.02071
2022 192   0.315114     2.84564    13.47262
2022 193   0.320371     2.64102    19.72845
2022 194   0.326434     2.41371    25.76492
2022 195   0.333207     2.16993    31.56649
2022 196   0.340596     1.91543    37.12469
2022 197   0.348504     1.65525    42.43705
2022 198   0.356843     1.39365    47.50596
2022 199   0.365528     1.13406    52.33752
2022 200   0.374483     0.87920    56.94050
2022 201   0.383639     0.63107    61.32546
2022 202   0.392932     0.39114    65.50403
2022 203   0.402309     0.16039    69.48836
2022 204   0.411721    -0.06056    73.29071
2022 205   0.421125    -0.27140    76.92314
2022 206   0.430485    -0.47204    80.39731
2022 207   0.439768    -0.66255    83.72435
2022 208   0.448948    -0.84314    86.91477
2022 209   0.458000    -1.01409    89.97845
2022 210   0.466903    -1.17573    92.92460
2022 211   0.475641    -1.32845    95.76178
2022 212   0.484198    -1.47263    98.49794
2022 213   0.492560    -1.60867   101.14043
2022 214   0.500718    -1.73698   103.69607
2022 215   0.508662    -1.85795   106.17113
2022 216   0.516383    -1.97193   108.57143
2022 217   0.523876    -2.07929   110.90232
2022 218   0.531133    -2.18038   113.16878
2022 219   0.538151    -2.27551   115.37540
2022 220   0.544926    -2.36499   117.52645
2022 221   0.551453    -2.44911   119.62588
2022 222   0.557730    -2.52812   121.67736
2022 223   0.563755    -2.60228   123.68430
2022 224   0.569526    -2.67181   125.64991
2022 225   0.575041    -2.73692   127.57715
2022 226   0.580299    -2.79783   129.46881
2022 227   0.585298    -2.85470   131.32751
2022 228   0.590039    -2.90771   133.15570
2022 229   0.594521    -2.95701   134.95569
2022 230   0.598742    -3.00274   136.72968
2022 231   0.602703    -3.04504   138.47971
2022 232   0.606404    -3.08401   140.20795
2022 233   0.609844    -3.11975   141.91637
2022 234   0.613025    -3.15237   143.60674
2022 235   0.615945    -3.18194   145.28075
2022 236   0.618605    -3.20855   146.94003
2022 237   0.621006    -3.23225   148.58617
2022 238   0.623147    -3.25311   150.22066
2022 239   0.625030    -3.27118   151.84497
2022 240   0.626653    -3.28652   153.46046
2022 241   0.628018    -3.29920   155.06831
2022 242   0.629123    -3.30925   156.66991
2022 243   0.629970    -3.31670   158.26654
2022 244   0.630557    -3.32158   159.85959
2022 245   0.630886    -3.32389   161.45032
2022 246   0.630957    -3.32365   163.04004
2022 247   0.630768    -3.32085   164.63007
2022 248   0.630321    -3.31550   166.22168
2022 249   0.629615    -3.30757   167.81618
2022 250   0.628650    -3.29706   169.41490
2022 251   0.627427    -3.28393   171.01915
2022 252   0.625945    -3.26817   172.63028
2022 253   0.624203    -3.24972   174.24968
2022 254   0.622203    -3.22855   175.87875
2022 255   0.619944    -3.20460   177.51895
2022 256   0.617426    -3.17782   179.17175
2022 257   0.614650    -3.14814   180.83870
2022 258   0.611614    -3.11547   182.52138
2022 259   0.608319    -3.07974   184.22147
2022 260   0.604765    -3.04086   185.94069
2022 261   0.600953    -2.99871   187.68085
2022 262   0.596883    -2.95320   189.44385
2022 263   0.592554    -2.90419   191.23167
2022 264   0.587968    -2.85155   193.04646
2022 265   0.583125    -2.79513   194.89041
2022 266   0.578026    -2.73478   196.76588
2022 267   0.572671    -2.67032   198.67540
2022 268   0.567063    -2.60157   200.62161
2022 269   0.561202    -2.52832   202.60739
2022 270   0.555090    -2.45036   204.63576
2022 271   0.548729    -2.36747   206.70998
2022 272   0.542123    -2.27937   208.83354
2022 273   0.535274    -2.18582   211.01022
2022 274   0.528186    -2.08653   213.24405
2022 275   0.520863    -1.98119   215.53938
2022 276   0.513311    -1.86948   217.90091
2022 277   0.505536    -1.75107   220.33374
2022 278   0.497546    -1.62560   222.84332
2022 279   0.489348    -1.49271   225.43559
2022 280   0.480953    -1.35203   228.11699
2022 281   0.472373    -1.20317   230.89441
2022 282   0.463621    -1.04577   233.77536
2022 283   0.454714    -0.87946   236.76788
2022 284   0.445670    -0.70392   239.88069
2022 285   0.436511    -0.51885   243.12308
2022 286   0.427262    -0.32404   246.50500
2022 287   0.417951    -0.11939   250.03699
2022 288   0.408614     0.09508   253.73018
2022 289   0.399287     0.31914   257.59613
2022 290   0.390015     0.55231   261.64667
2022 291   0.380849     0.79380   265.89377
2022 292   0.371844     1.04238   270.34909
2022 293   0.363065     1.29636   275.02353
2022 294   0.354583     1.55341   279.92670
2022 295   0.346475     1.81056   285.06610
2022 296   0.338826     2.06406   290.44626
2022 297   0.331727     2.30941   296.06769
2022 298   0.325269     2.54135   301.92572
2022 299   0.319548     2.75407   308.00940
2022 300   0.314656     2.94137   314.30078
2022 301   0.310677     3.09711   320.77408
2022 302   0.307688     3.21558   327.39597
2022 303   0.305747     3.29210   334.12616
2022 304   0.304895     3.32342   340.91885
2022 305   0.305149     3.30810   347.72501
2022 306   0.306505     3.24671   354.49478
2022 307   0.308935     3.14173     1.18033
2022 308   0.312390     2.99729     7.73814
2022 309   0.316802     2.81873    14.13092
2022 310   0.322092     2.61211    20.32876
2022 311   0.328171     2.38372    26.30949
2022 312   0.334945     2.13964    32.05842
2022 313   0.342320     1.88544    37.56766
2022 314   0.350203     1.62602    42.83506
2022 315   0.358506     1.36549    47.86311
2022 316   0.367148     1.10717    52.65786
2022 317   0.376054     0.85367    57.22792
2022 318   0.385155     0.60696    61.58361
2022 319   0.394392     0.36845    65.73631
2022 320   0.403709     0.13907    69.69785
2022 321   0.413060    -0.08056    73.48021
2022 322   0.422403    -0.29016    77.09515
2022 323   0.431701    -0.48964    80.55408
2022 324   0.440924    -0.67907    83.86788
2022 325   0.450043    -0.85866    87.04682
2022 326   0.459037    -1.02867    90.10059
2022 327   0.467883    -1.18945    93.03821
2022 328   0.476565    -1.34137    95.86808
2022 329   0.485068    -1.48481    98.59802
2022 330   0.493379    -1.62016   101.23525
2022 331   0.501487    -1.74783   103.78646
2022 332   0.509383    -1.86818   106.25784
2022 333   0.517058    -1.98159   108.65511
2022 334   0.524506    -2.08842   110.98356
2022 335   0.531722    -2.18899   113.24810
2022 336   0.538700    -2.28363   115.45325
2022 337   0.545436    -2.37265   117.60330
2022 338   0.551926    -2.45636   119.70238
2022 339   0.558168    -2.53501   121.75414
2022 340   0.564160    -2.60884   123.76193
2022 341   0.569900    -2.67807   125.72892
2022 342   0.575386    -2.74290   127.65784
2022 343   0.580618    -2.80351   129.55135
2022 344   0.585595    -2.86009   131.41203
2022 345   0.590315    -2.91280   133.24232
2022 346   0.594778    -2.96180   135.04453
2022 347   0.598983    -3.00722   136.82080
2022 348   0.602931    -3.04921   138.57320
2022 349   0.606620    -3.08788   140.30365
2022 350   0.610051    -3.12333   142.01410
2022 351   0.613224    -3.15566   143.70651
2022 352   0.616139    -3.18496   145.38260
2022 353   0.618796    -3.21131   147.04396
2022 354   0.621196    -3.23477   148.69217
2022 355   0.623338    -3.25540   150.32874
2022 356   0.625223    -3.27326   151.95509
2022 357   0.626851    -3.28839   153.57269
2022 358   0.628222    -3.30082   155.18288
2022 359   0.629337    -3.31060   156.78703
2022 360   0.630196    -3.31774   158.38646
2022 361   0.630798    -3.32226   159.98250
2022 362   0.631145    -3.32417   161.57642
2022 363   0.631236    -3.32348   163.16951
2022 364   0.631072    -3.32017   164.76306
2022 365   0.630653    -3.31425   166.35835
2023   1   0.629974    -3.30573   167.95648
2023   2   0.629045    -3.29451   169.55913
2023   3   0.627860    -3.28062   171.16737
2023   4   0.626421    -3.26405   172.78235
2023   5   0.624727    -3.24478   174.40550
2023   6   0.622779    -3.22273   176.03838
2023   7   0.620576    -3.19785   177.68237
2023   8   0.618119    -3.17007   179.33894
2023   9   0.615408    -3.13932   181.00961
2023  10   0.612443    -3.10550   182.69594
2023  11   0.609225    -3.06854   184.39954
2023  12   0.605754    -3.02833   186.12206
2023  13   0.602030    -2.98484   187.86508
2023  14   0.598053    -2.93798   189.63040
2023  15   0.593824    -2.88763   191.41995
2023  16   0.589343    -2.83367   193.23579
2023  17   0.584611    -2.77594   195.08006
2023  18   0.579629    -2.71431   196.95506
2023  19   0.574398    -2.64860   198.86319
2023  20   0.568919    -2.57864   200.80704
2023  21   0.563193    -2.50423   202.78932
2023  22   0.557224    -2.42518   204.81297
2023  23   0.551012    -2.34125   206.88112
2023  24   0.544561    -2.25223   208.99709
2023  25   0.537873    -2.15784   211.16447
2023  26   0.530953    -2.05784   213.38713
2023  27   0.523805    -1.95193   215.66919
2023  28   0.516434    -1.83982   218.01512
2023  29   0.508846    -1.72120   220.42973
2023  30   0.501049    -1.59573   222.91820
2023  31   0.493051    -1.46310   225.48605
2023  32   0.484862    -1.32296   228.13931
2023  33   0.476492    -1.17496   230.88449
2023  34   0.467956    -1.01878   233.72852
2023  35   0.459268    -0.85409   236.67896
2023  36   0.450447    -0.68061   239.74380
2023  37   0.441512    -0.49809   242.93172
2023  38   0.432487    -0.30637   246.25186
2023  39   0.423400    -0.10535   249.71393
2023  40   0.414282     0.10490   253.32812
2023  41   0.405168     0.32416   257.10507
2023  42   0.396100     0.55197   261.05563
2023  43   0.387123     0.78757   265.19077
2023  44   0.378290     1.02985   269.52118
2023  45   0.369660     1.27726   274.05701
2023  46   0.361296     1.52772   278.80728
2023  47   0.353271     1.77855   283.77930
2023  48   0.345662     2.02640   288.97778
2023  49   0.338551     2.26726   294.40421
2023  50   0.332024     2.49640   300.05563
2023  51   0.326170     2.70858   305.92383
2023  52   0.321074     2.89817   311.99448
2023  53   0.316820     3.05942   318.24652
2023  54   0.313480     3.18691   324.65201
2023  55   0.311116     3.27591   331.17651
2023  56   0.309775     3.32287   337.78009
2023  57   0.309483     3.32572   344.41891
2023  58   0.310246     3.28418   351.04739
2023  59   0.312049     3.19971   357.62045
2023  60   0.314857     3.07542     4.09572
2023  61   0.318617     2.91573    10.43559
2023  62   0.323262     2.72598    16.60842
2023  63   0.328714     2.51192    22.58934
2023  64   0.334889     2.27938    28.36036
2023  65   0.341698     2.03389    33.90998
2023  66   0.349054     1.78044    39.23248
2023  67   0.356872     1.52337    44.32703
2023  68   0.365072     1.26632    49.19670
2023  69   0.373578     1.01221    53.84751
2023  70   0.382322     0.76333    58.28764
2023  71   0.391241     0.52140    62.52672
2023  72   0.400280     0.28764    66.57521
2023  73   0.409389     0.06289    70.44400
2023  74   0.418523    -0.15233    74.14407
2023  75   0.427645    -0.35779    77.68618
2023  76   0.436720    -0.55341    81.08082
2023  77   0.445719    -0.73928    84.33797
2023  78   0.454617    -0.91566    87.46718
2023  79   0.463390    -1.08301    90.47755
2023  80   0.472020    -1.24163    93.37750
2023  81   0.480490    -1.39179    96.17487
2023  82   0.488787    -1.53382    98.87692
2023  83   0.496897    -1.66805   101.49043
2023  84   0.504811    -1.79480   104.02163
2023  85   0.512520    -1.91441   106.47634
2023  86   0.520016    -2.02722   108.85993
2023  87   0.527293    -2.13354   111.17738
2023  88   0.534345    -2.23368   113.43333
2023  89   0.541168    -2.32792   115.63204
2023  90   0.547757    -2.41656   117.77753
2023  91   0.554109    -2.49984   119.87348
2023  92   0.560222    -2.57801   121.92337
2023  93   0.566093    -2.65131   123.93041
2023  94   0.571721    -2.71997   125.89745
2023  95   0.577103    -2.78421   127.82719
2023  96   0.582239    -2.84422   129.72229
2023  97   0.587127    -2.90018   131.58549
2023  98   0.591766    -2.95225   133.41917
2023  99   0.596155    -3.00057   135.22556
2023 100   0.600294    -3.04527   137.00671
2023 101   0.604183    -3.08649   138.76448
2023 102   0.607822    -3.12436   140.50063
2023 103   0.611210    -3.15897   142.21704
2023 104   0.614347    -3.19043   143.91562
2023 105   0.617233    -3.21880   145.59799
2023 106   0.619868    -3.24418   147.26576
2023 107   0.622252    -3.26663   148.92046
2023 108   0.624385    -3.28622   150.56351
2023 109   0.626267    -3.30299   152.19638
2023 110   0.627899    -3.31699   153.82045
2023 111   0.629281    -3.32827   155.43698
2023 112   0.630413    -3.33688   157.04716
2023 113   0.631295    -3.34284   158.65248
2023 114   0.631927    -3.34619   160.25421
2023 115   0.632310    -3.34693   161.85358
2023 116   0.632444    -3.34506   163.45192
2023 117   0.632328    -3.34059   165.05049
2023 118   0.631963    -3.33352   166.65056
2023 119   0.631350    -3.32383   168.25334
2023 120   0.630488    -3.31150   169.86012
2023 121   0.629378    -3.29651   171.47218
2023 122   0.628019    -3.27883   173.09082
2023 123   0.626413    -3.25842   174.71733
2023 124   0.624559    -3.23527   176.35307
2023 125   0.622457    -3.20928   177.99921
2023 126   0.620108    -3.18043   179.65707
2023 127   0.617512    -3.14867   181.32811
2023 128   0.614669    -3.11391   183.01382
2023 129   0.611580    -3.07609   184.71577
2023 130   0.608243    -3.03512   186.43558
2023 131   0.604661    -2.99090   188.17491
2023 132   0.600833    -2.94333   189.93556
2023 133   0.596759    -2.89231   191.71936
2023 134   0.592441    -2.83770   193.52826
2023 135   0.587878    -2.77939   195.36432
2023 136   0.583073    -2.71721   197.22968
2023 137   0.578025    -2.65103   199.12662
2023 138   0.572737    -2.58068   201.05759
2023 139   0.567210    -2.50597   203.02515
2023 140   0.561447    -2.42674   205.03236
2023 141   0.555449    -2.34277   207.08189
2023 142   0.549219    -2.25383   209.17680
2023 143   0.542760    -2.15969   211.32040
2023 144   0.536077    -2.06012   213.51630
2023 145   0.529172    -1.95486   215.76828
2023 146   0.522051    -1.84363   218.08046
2023 147   0.514720    -1.72615   220.45728
2023 148   0.507187    -1.60213   222.90343
2023 149   0.499457    -1.47126   225.42403
2023 150   0.491541    -1.33326   228.02455
2023 151   0.483450    -1.18780   230.71088
2023 152   0.475194    -1.03460   233.48932
2023 153   0.466789    -0.87337   236.36667
2023 154   0.458251    -0.70385   239.35014
2023 155   0.449598    -0.52585   242.44751
2023 156   0.440851    -0.33919   245.66695
2023 157   0.432035    -0.14382   249.01717
2023 158   0.423178     0.06023   252.50728
2023 159   0.414311     0.27276   256.14679
2023 160   0.405472     0.49339   259.94540
2023 161   0.396700     0.72149   263.91302
2023 162   0.388042     0.95612   268.05936
2023 163   0.379550     1.19600   272.39377
2023 164   0.371281     1.43938   276.92480
2023 165   0.363297     1.68402   281.65976
2023 166   0.355667     1.92713   286.60403
2023 167   0.348464     2.16531   291.76050
2023 168   0.341767     2.39457   297.12872
2023 169   0.335654     2.61036   302.70410
2023 170   0.330205     2.80771   308.47751
2023 171   0.325224     2.96161   314.42471
2023 172   0.319888     3.00636   320.45837
2023 173   0.315320     3.01831   326.68036
2023 174   0.311592     2.99377   333.06778
2023 175   0.308768     2.93048   339.59030
2023 176   0.306901     2.82753   346.21164
2023 177   0.306028     2.68552   352.89084
2023 178   0.306167     2.50666   359.58432
2023 179   0.307315     2.29466     6.24768
2023 180   0.309448     2.05444    12.83813
2023 181   0.312527     1.79178    19.31642
2023 182   0.316492     1.51286    25.64838
2023 183   0.321276     1.22382    31.80599
2023 184   0.326798     0.93043    37.76781
2023 185   0.332977     0.63780    43.51888
2023 186   0.339725     0.35022    49.05020
2023 187   0.346960     0.07116    54.35802
2023 188   0.354600    -0.19680    59.44291
2023 189   0.362569    -0.45178    64.30885
2023 190   0.370795    -0.69259    68.96242
2023 191   0.379215    -0.91878    73.41195
2023 192   0.387769    -1.13014    77.66705
2023 193   0.396405    -1.32651    81.73811
2023 194   0.405078    -1.50823    85.63572
2023 195   0.413747    -1.67580    89.37051
2023 196   0.422374    -1.82983    92.95292
2023 197   0.430929    -1.97100    96.39301
2023 198   0.439385    -2.10002    99.70042
2023 199   0.447717    -2.21760   102.88428
2023 200   0.455905    -2.32445   105.95324
2023 201   0.463930    -2.42125   108.91535
2023 202   0.471778    -2.50866   111.77818
2023 203   0.479434    -2.58729   114.54877
2023 204   0.486888    -2.65771   117.23369
2023 205   0.494130    -2.72048   119.83903
2023 206   0.501150    -2.77608   122.37048
2023 207   0.507942    -2.82498   124.83330
2023 208   0.514499    -2.86759   127.23241
2023 209   0.520815    -2.90433   129.57239
2023 210   0.526888    -2.93553   131.85747
2023 211   0.532711    -2.96153   134.09164
2023 212   0.538283    -2.98263   136.27861
2023 213   0.543600    -2.99909   138.42184
2023 214   0.548660    -3.01118   140.52461
2023 215   0.553461    -3.01911   142.58994
2023 216   0.558001    -3.02309   144.62071
2023 217   0.562279    -3.02329   146.61974
2023 218   0.566295    -3.01981   148.58977
2023 219   0.570047    -3.01280   150.53325
2023 220   0.573534    -3.00237   152.45247
2023 221   0.576758    -2.98864   154.34959
2023 222   0.579716    -2.97170   156.22672
2023 223   0.582409    -2.95165   158.08585
2023 224   0.584837    -2.92855   159.92888
2023 225   0.586999    -2.90249   161.75769
2023 226   0.588897    -2.87351   163.57405
2023 227   0.590528    -2.84166   165.37973
2023 228   0.591894    -2.80700   167.17638
2023 229   0.592995    -2.76955   168.96568
2023 230   0.593831    -2.72933   170.74927
2023 231   0.594401    -2.68637   172.52873
2023 232   0.594706    -2.64068   174.30566
2023 233   0.594747    -2.59227   176.08163
2023 234   0.594522    -2.54112   177.85823
2023 235   0.594033    -2.48725   179.63701
2023 236   0.593280    -2.43062   181.41954
2023 237   0.592262    -2.37123   183.20746
2023 238   0.590981    -2.30904   185.00235
2023 239   0.589435    -2.24403   186.80586
2023 240   0.587627    -2.17615   188.61969
2023 241   0.585555    -2.10536   190.44553
2023 242   0.583220    -2.03162   192.28516
2023 243   0.580623    -1.95486   194.14041
2023 244   0.577763    -1.87512   196.01311
2023 245   0.574643    -1.79240   197.90517
2023 246   0.571261    -1.70648   199.81876
2023 247   0.567620    -1.61728   201.75600
2023 248   0.563719    -1.52472   203.71915
2023 249   0.559561    -1.42872   205.71053
2023 250   0.555147    -1.32918   207.73265
2023 251   0.550477    -1.22601   209.78812
2023 252   0.545554    -1.11911   211.87970
2023 253   0.540381    -1.00838   214.01038
2023 254   0.534958    -0.89373   216.18323
2023 255   0.529291    -0.77503   218.40163
2023 256   0.523381    -0.65220   220.66910
2023 257   0.517233    -0.52513   222.98947
2023 258   0.510851    -0.39373   225.36681
2023 259   0.504242    -0.25791   227.80545
2023 260   0.497410    -0.11760   230.31007
2023 261   0.490364     0.02725   232.88571
2023 262   0.483111     0.17644   235.53763
2023 263   0.475661     0.32985   238.27159
2023 264   0.468025     0.48742   241.09377
2023 265   0.460215     0.64903   244.01080
2023 266   0.452247     0.81450   247.02983
2023 267   0.444136     0.98357   250.15843
2023 268   0.435904     1.15587   253.40469
2023 269   0.427571     1.33092   256.77716
2023 270   0.419163     1.50806   260.28485
2023 271   0.410710     1.68647   263.93719
2023 272   0.402244     1.86509   267.74390
2023 273   0.393804     2.04260   271.71487
2023 274   0.385432     2.21740   275.86011
2023 275   0.377175     2.38752   280.18915
2023 276   0.369086     2.55064   284.71118
2023 277   0.361226     2.70402   289.43414
2023 278   0.353657     2.84452   294.36456
2023 279   0.346450     2.96862   299.50659
2023 280   0.339679     3.07247   304.86154
2023 281   0.333422     3.15201   310.42694
2023 282   0.327758     3.20314   316.19574
2023 283   0.322766     3.22196   322.15564
2023 284   0.318522     3.20503   328.28867
2023 285   0.315094     3.14974   334.57083
2023 286   0.312543     3.05455   340.97247
2023 287   0.310914     2.91931   347.45895
2023 288   0.310238     2.74534   353.99191
2023 289   0.310528     2.53551     0.53091
2023 290   0.311779     2.29402     7.03525
2023 291   0.313968     2.02616    13.46590
2023 292   0.317054     1.73791    19.78721
2023 293   0.320984     1.43552    25.96820
2023 294   0.325690     1.12511    31.98344
2023 295   0.331101     0.81234    37.81338
2023 296   0.337137     0.50220    43.44423
2023 297   0.343720     0.19883    48.86759
2023 298   0.350771    -0.09444    54.07974
2023 299   0.358214    -0.37513    59.08088
2023 300   0.365977    -0.64149    63.87437
2023 301   0.373992    -0.89243    68.46593
2023 302   0.382200    -1.12736    72.86306
2023 303   0.390543    -1.34613    77.07439
2023 304   0.398972    -1.54889    81.10930
2023 305   0.407443    -1.73605    84.97748
2023 306   0.415915    -1.90817    88.68874
2023 307   0.424354    -2.06590    92.25273
2023 308   0.432728    -2.20999    95.67886
2023 309   0.441012    -2.34118    98.97617
2023 310   0.449181    -2.46025   102.15324
2023 311   0.457214    -2.56795   105.21822
2023 312   0.465094    -2.66500   108.17880
2023 313   0.472806    -2.75209   111.04216
2023 314   0.480335    -2.82988   113.81504
2023 315   0.487671    -2.89899   116.50374
2023 316   0.494803    -2.95998   119.11411
2023 317   0.501722    -3.01338   121.65163
2023 318   0.508421    -3.05969   124.12141
2023 319   0.514893    -3.09936   126.52821
2023 320   0.521133    -3.13280   128.87645
2023 321   0.527136    -3.16040   131.17029
2023 322   0.532898    -3.18250   133.41359
2023 323   0.538415    -3.19942   135.60999
2023 324   0.543685    -3.21145   137.76286
2023 325   0.548705    -3.21886   139.87540
2023 326   0.553472    -3.22188   141.95061
2023 327   0.557986    -3.22074   143.99130
2023 328   0.562243    -3.21558   146.00017
2023 329   0.566244    -3.20641   147.97977
2023 330   0.569988    -3.19345   149.93250
2023 331   0.573472    -3.17687   151.86060
2023 332   0.576697    -3.15696   153.76619
2023 333   0.579662    -3.13383   155.65137
2023 334   0.582366    -3.10759   157.51810
2023 335   0.584809    -3.07833   159.36832
2023 336   0.586991    -3.04613   161.20384
2023 337   0.588911    -3.01108   163.02646
2023 338   0.590569    -2.97322   164.83794
2023 339   0.591965    -2.93261   166.63992
2023 340   0.593098    -2.88930   168.43410
2023 341   0.593970    -2.84333   170.22206
2023 342   0.594579    -2.79471   172.00545
2023 343   0.594926    -2.74348   173.78580
2023 344   0.595010    -2.68964   175.56471
2023 345   0.594832    -2.63320   177.34375
2023 346   0.594392    -2.57417   179.12445
2023 347   0.593690    -2.51253   180.90843
2023 348   0.592725    -2.44827   182.69725
2023 349   0.591498    -2.38139   184.49252
2023 350   0.590009    -2.31184   186.29587
2023 351   0.588258    -2.23961   188.10898
2023 352   0.586246    -2.16464   189.93355
2023 353   0.583972    -2.08692   191.77130
2023 354   0.581437    -2.00638   193.62408
2023 355   0.578642    -1.92297   195.49374
2023 356   0.575586    -1.83664   197.38222
2023 357   0.572271    -1.74732   199.29153
2023 358   0.568697    -1.65494   201.22379
2023 359   0.564865    -1.55943   203.18118
2023 360   0.560775    -1.46072   205.16605
2023 361   0.556430    -1.35873   207.18083
2023 362   0.551830    -1.25335   209.22809
2023 363   0.546977    -1.14452   211.31056
2023 364   0.541874    -1.03214   213.43112
2023 365   0.536522    -0.91611   215.59286
2024   1   0.530920    -0.79636   217.79924
2024   2   0.525079    -0.67277   220.05336
2024   3   0.519000    -0.54527   222.35915
2024   4   0.512686    -0.41376   224.72055
2024   5   0.506142    -0.27819   227.14188
2024   6   0.499374    -0.13849   229.62769
2024   7   0.492390     0.00552   232.18288
2024   8   0.485198     0.15409   234.81265
2024   9   0.477805     0.30721   237.52266
2024  10   0.470224     0.46486   240.31895
2024  11   0.462466     0.62695   243.20802
2024  12   0.454544     0.79332   246.19682
2024  13   0.446476     0.96374   249.29279
2024  14   0.438280     1.13788   252.50378
2024  15   0.429977     1.31529   255.83827
2024  16   0.421591     1.49537   259.30505
2024  17   0.413150     1.67733   262.91345
2024  18   0.404686     1.86017   266.67307
2024  19   0.396235     2.04264   270.59375
2024  20   0.387837     2.22317   274.68546
2024  21   0.379538     2.39988   278.95795
2024  22   0.371390     2.57048   283.42050
2024  23   0.363448     2.73229   288.08157
2024  24   0.355776     2.88219   292.94818
2024  25   0.348441     3.01666   298.02536
2024  26   0.341515     3.13178   303.31549
2024  27   0.335075     3.22341   308.81747
2024  28   0.329199     3.28724   314.52588
2024  29   0.323966     3.31912   320.43030
2024  30   0.319452     3.31525   326.51477
2024  31   0.315729     3.27254   332.75732
2024  32   0.312860     3.18895   339.13028
2024  33   0.310894     3.06375   345.60068
2024  34   0.309869     2.89781   352.13177
2024  35   0.309802     2.69338   358.68344
2024  36   0.310697     2.45424     5.21468
2024  37   0.312534     2.18552    11.68579
2024  38   0.315279     1.89320    18.05979
2024  39   0.318882     1.58371    24.30403
2024  40   0.323282     1.26346    30.39112
2024  41   0.328407     0.93855    36.29950
2024  42   0.334180     0.61442    42.01344
2024  43   0.340522     0.29568    47.52276
2024  44   0.347354    -0.01389    52.82219
2024  45   0.354599    -0.31141    57.91067
2024  46   0.362184    -0.59479    62.79054
2024  47   0.370040    -0.86240    67.46702
2024  48   0.378105    -1.11338    71.94706
2024  49   0.386321    -1.34741    76.23888
2024  50   0.394637    -1.56456    80.35159
2024  51   0.403007    -1.76517    84.29471
2024  52   0.411389    -1.94977    88.07800
2024  53   0.419746    -2.11902    91.71112
2024  54   0.428048    -2.27368    95.20354
2024  55   0.436265    -2.41451    98.56438
2024  56   0.444373    -2.54233   101.80236
2024  57   0.452350    -2.65793   104.92577
2024  58   0.460178    -2.76208   107.94243
2024  59   0.467841    -2.85551   110.85966
2024  60   0.475323    -2.93893   113.68438
2024  61   0.482614    -3.01299   116.42300
2024  62   0.489702    -3.07830   119.08154
2024  63   0.496579    -3.13544   121.66562
2024  64   0.503235    -3.18494   124.18045
2024  65   0.509665    -3.22727   126.63093
2024  66   0.515863    -3.26290   129.02159
2024  67   0.521823    -3.29222   131.35672
2024  68   0.527542    -3.31562   133.64026
2024  69   0.533015    -3.33344   135.87595
2024  70   0.538239    -3.34599   138.06728
2024  71   0.543212    -3.35355   140.21751
2024  72   0.547931    -3.35640   142.32973
2024  73   0.552394    -3.35476   144.40685
2024  74   0.556600    -3.34885   146.45160
2024  75   0.560547    -3.33887   148.46657
2024  76   0.564235    -3.32498   150.45422
2024  77   0.567661    -3.30735   152.41692
2024  78   0.570826    -3.28612   154.35687
2024  79   0.573728    -3.26141   156.27621
2024  80   0.576368    -3.23334   158.17700
2024  81   0.578744    -3.20201   160.06122
2024  82   0.580856    -3.16751   161.93076
2024  83   0.582704    -3.12991   163.78745
2024  84   0.584288    -3.08928   165.63310
2024  85   0.585607    -3.04568   167.46947
2024  86   0.586662    -2.99915   169.29823
2024  87   0.587452    -2.94973   171.12111
2024  88   0.587977    -2.89745   172.93974
2024  89   0.588237    -2.84234   174.75577
2024  90   0.588233    -2.78440   176.57083
2024  91   0.587963    -2.72364   178.38655
2024  92   0.587429    -2.66006   180.20457
2024  93   0.586630    -2.59365   182.02652
2024  94   0.585567    -2.52441   183.85408
2024  95   0.584239    -2.45229   185.68892
2024  96   0.582646    -2.37729   187.53275
2024  97   0.580790    -2.29936   189.38733
2024  98   0.578670    -2.21847   191.25444
2024  99   0.576286    -2.13456   193.13593
2024 100   0.573639    -2.04759   195.03371
2024 101   0.570730    -1.95749   196.94975
2024 102   0.567558    -1.86421   198.88611
2024 103   0.564125    -1.76767   200.84492
2024 104   0.560432    -1.66780   202.82845
2024 105   0.556479    -1.56452   204.83900
2024 106   0.552268    -1.45774   206.87907
2024 107   0.547801    -1.34738   208.95128
2024 108   0.543078    -1.23335   211.05833
2024 109   0.538102    -1.11556   213.20320
2024 110   0.532875    -0.99390   215.38895
2024 111   0.527400    -0.86828   217.61888
2024 112   0.521680    -0.73861   219.89651
2024 113   0.515719    -0.60480   222.22560
2024 114   0.509522    -0.46677   224.61015
2024 115   0.503093    -0.32443   227.05444
2024 116   0.496438    -0.17773   229.56310
2024 117   0.489564    -0.02662   232.14102
2024 118   0.482479     0.12892   234.79355
2024 119   0.475192     0.28887   237.52634
2024 120   0.467715     0.45318   240.34546
2024 121   0.460058     0.62174   243.25748
2024 122   0.452236     0.79437   246.26938
2024 123   0.444266     0.97082   249.38861
2024 124   0.436166     1.15074   252.62314
2024 125   0.427958     1.33362   255.98135
2024 126   0.419666     1.51884   259.47217
2024 127   0.411318     1.70557   263.10489
2024 128   0.402946     1.89274   266.88913
2024 129   0.394587     2.07908   270.83459
2024 130   0.386281     2.26296   274.95093
2024 131   0.378075     2.44243   279.24780
2024 132   0.370018     2.61515   283.73438
2024 133   0.362168     2.77838   288.41895
2024 134   0.354587     2.92893   293.30838
2024 135   0.347342     3.06322   298.40753
2024 136   0.340506     3.17733   303.71854
2024 137   0.334153     3.26706   309.23999
2024 138   0.328362     3.32814   314.96628
2024 139   0.323211     3.35643   320.88675
2024 140   0.318775     3.34820   326.98514
2024 141   0.315125     3.30047   333.23941
2024 142   0.312323     3.21133   339.62180
2024 143   0.310417     3.08020   346.09930
2024 144   0.309442     2.90805   352.63486
2024 145   0.309418     2.69742   359.18884
2024 146   0.310344     2.45236     5.72081
2024 147   0.312201     2.17808    12.19145
2024 148   0.314954     1.88069    18.56426
2024 149   0.318555     1.56667    24.80706
2024 150   0.322940     1.24249    30.89290
2024 151   0.328039     0.91424    36.80057
2024 152   0.333777     0.58737    42.51464
2024 153   0.340075     0.26648    48.02514
2024 154   0.346854    -0.04468    53.32692
2024 155   0.354038    -0.34326    58.41899
2024 156   0.361554    -0.62721    63.30370
2024 157   0.369335    -0.89517    67.98599
2024 158   0.377318    -1.14637    72.47275
2024 159   0.385446    -1.38052    76.77234
2024 160   0.393668    -1.59766    80.89404
2024 161   0.401938    -1.79815    84.84709
2024 162   0.410215    -1.98252    88.64104
2024 163   0.418463    -2.15145    92.28551
2024 164   0.426649    -2.30568    95.78994
2024 165   0.434745    -2.44601    99.16341
2024 166   0.442727    -2.57324   102.41463
2024 167   0.450573    -2.68817   105.55186
2024 168   0.458265    -2.79158   108.58291
2024 169   0.465785    -2.88420   111.51508
2024 170   0.473121    -2.96673   114.35529
2024 171   0.480260    -3.03984   117.10992
2024 172   0.487190    -3.10414   119.78503
2024 173   0.493903    -3.16019   122.38621
2024 174   0.500391    -3.20854   124.91869
2024 175   0.506646    -3.24967   127.38738
2024 176   0.512664    -3.28402   129.79683
2024 177   0.518438    -3.31201   132.15132
2024 178   0.523964    -3.33401   134.45485
2024 179   0.529239    -3.35036   136.71114
2024 180   0.534259    -3.36137   138.92380
2024 181   0.539022    -3.36732   141.09633
2024 182   0.543526    -3.36846   143.23183
2024 183   0.547769    -3.36503   145.33322
2024 184   0.551750    -3.35723   147.40326
2024 185   0.555466    -3.34526   149.44460
2024 186   0.558917    -3.32929   151.45969
2024 187   0.562102    -3.30947   153.45091
2024 188   0.565021    -3.28594   155.42055
2024 189   0.567671    -3.25882   157.37076
2024 190   0.570054    -3.22823   159.30363
2024 191   0.572168    -3.19425   161.22121
2024 192   0.574014    -3.15698   163.12543
2024 193   0.575591    -3.11648   165.01817
2024 194   0.576898    -3.07281   166.90131
2024 195   0.577936    -3.02603   168.77664
2024 196   0.578704    -2.97617   170.64595
2024 197   0.579202    -2.92327   172.51100
2024 198   0.579431    -2.86735   174.37354
2024 199   0.579391    -2.80836   176.23535
2024 200   0.579080    -2.74620   178.09827
2024 201   0.578501    -2.68086   179.96404
2024 202   0.577652    -2.61234   181.83438
2024 203   0.576534    -2.54061   183.71109
2024 204   0.575147    -2.46564   185.59593
2024 205   0.573492    -2.38753   187.49063
2024 206   0.571569    -2.30630   189.39696
2024 207   0.569378    -2.22190   191.31683
2024 208   0.566920    -2.13429   193.25223
2024 209   0.564195    -2.04341   195.20518
2024 210   0.561204    -1.94919   197.17780
2024 211   0.557948    -1.85158   199.17227
2024 212   0.554426    -1.75048   201.19089
2024 213   0.550642    -1.64584   203.23608
2024 214   0.546595    -1.53752   205.31052
2024 215   0.542285    -1.42521   207.41838
2024 216   0.537717    -1.30906   209.56084
2024 217   0.532894    -1.18899   211.74084
2024 218   0.527817    -1.06490   213.96155
2024 219   0.522490    -0.93670   216.22627
2024 220   0.516915    -0.80428   218.53860
2024 221   0.511097    -0.66756   220.90233
2024 222   0.505039    -0.52645   223.32149
2024 223   0.498748    -0.38089   225.80045
2024 224   0.492229    -0.23082   228.34381
2024 225   0.485489    -0.07618   230.95660
2024 226   0.478536     0.08304   233.64413
2024 227   0.471379     0.24684   236.41214
2024 228   0.464030     0.41515   239.26677
2024 229   0.456500     0.58786   242.21457
2024 230   0.448804     0.76471   245.26257
2024 231   0.440958     0.94552   248.41827
2024 232   0.432981     1.12990   251.68967
2024 233   0.424895     1.31734   255.08521
2024 234   0.416724     1.50720   258.61377
2024 235   0.408497     1.69860   262.28464
2024 236   0.400246     1.89047   266.10745
2024 237   0.392007     2.08144   270.09201
2024 238   0.383822     2.26986   274.24817
2024 239   0.375737     2.45371   278.58551
2024 240   0.367803     2.63058   283.11310
2024 241   0.360077     2.79762   287.83905
2024 242   0.352622     2.95158   292.76999
2024 243   0.345506     3.08879   297.91046
2024 244   0.338802     3.20520   303.26215
2024 245   0.332584     3.29653   308.82324
2024 246   0.326932     3.35840   314.58755
2024 247   0.321921     3.38654   320.54395
2024 248   0.317628     3.37695   326.67603
2024 249   0.314102     3.29887   332.94772
2024 250   0.311261     3.04087   339.09155
2024 251   0.309009     2.74842   345.33334
2024 252   0.307378     2.42002   351.65082
2024 253   0.306393     2.05949   358.01904
2024 254   0.306072     1.67209     4.41148
2024 255   0.306419     1.26411    10.80079
2024 256   0.307429     0.84244    17.15981
2024 257   0.309085     0.41424    23.46252
2024 258   0.311359    -0.01340    29.68470
2024 259   0.314216    -0.43384    35.80464
2024 260   0.317612    -0.84116    41.80412
2024 261   0.321498    -1.23030    47.66827
2024 262   0.325820    -1.59721    53.38564
2024 263   0.330525    -1.93883    58.94810
2024 264   0.335556    -2.25304    64.35063
2024 265   0.340860    -2.53859    69.59089
2024 266   0.346383    -2.79497    74.66888
2024 267   0.352075    -3.02228    79.58655
2024 268   0.357889    -3.22111    84.34742
2024 269   0.363781    -3.39238    88.95623
2024 270   0.369711    -3.53731    93.41866
2024 271   0.375642    -3.65724    97.74128
2024 272   0.381541    -3.75367   101.93066
2024 273   0.387377    -3.82805   105.99387
2024 274   0.393125    -3.88187   109.93788
2024 275   0.398759    -3.91657   113.76967
2024 276   0.404258    -3.93355   117.49611
2024 277   0.409603    -3.93413   121.12392
2024 278   0.414777    -3.91954   124.65963
2024 279   0.419765    -3.89094   128.10951
2024 280   0.424554    -3.84940   131.47963
2024 281   0.429131    -3.79589   134.77579
2024 282   0.433486    -3.73133   138.00354
2024 283   0.437611    -3.65653   141.16818
2024 284   0.441496    -3.57225   144.27481
2024 285   0.445135    -3.47930   147.32834
2024 286   0.448521    -3.37849   150.33348
2024 287   0.451650    -3.27035   153.29472
2024 288   0.454515    -3.15540   156.21632
2024 289   0.457114    -3.03404   159.10239
2024 290   0.459443    -2.90674   161.95691
2024 291   0.461499    -2.77386   164.78374
2024 292   0.463280    -2.63574   167.58659
2024 293   0.464783    -2.49269   170.36909
2024 294   0.466006    -2.34498   173.13481
2024 295   0.466950    -2.19285   175.88718
2024 296   0.467612    -2.03653   178.62964
2024 297   0.467992    -1.87624   181.36554
2024 298   0.468089    -1.71216   184.09825
2024 299   0.467905    -1.54448   186.83110
2024 300   0.467438    -1.37336   189.56743
2024 301   0.466690    -1.19897   192.31059
2024 302   0.465661    -1.02137   195.06393
2024 303   0.464353    -0.84052   197.83081
2024 304   0.462769    -0.65658   200.61472
2024 305   0.460908    -0.46972   203.41922
2024 306   0.458774    -0.28011   206.24799
2024 307   0.456370    -0.08794   209.10478
2024 308   0.453698     0.10658   211.99350
2024 309   0.450762     0.30324   214.91820
2024 310   0.447567     0.50176   217.88307
2024 311   0.444117     0.70186   220.89247
2024 312   0.440418     0.90321   223.95099
2024 313   0.436477     1.10542   227.06340
2024 314   0.432301     1.30809   230.23471
2024 315   0.427898     1.51067   233.47012
2024 316   0.423278     1.71258   236.77512
2024 317   0.418451     1.91314   240.15546
2024 318   0.413429     2.11156   243.61716
2024 319   0.408226     2.30694   247.16644
2024 320   0.402859     2.49823   250.80989
2024 321   0.397343     2.68422   254.55423
2024 322   0.391699     2.86354   258.40640
2024 323   0.385949     3.03463   262.37357
2024 324   0.380118     3.19571   266.46289
2024 325   0.374233     3.34478   270.68158
2024 326   0.368325     3.47961   275.03662
2024 327   0.362427     3.59776   279.53485
2024 328   0.356576     3.69653   284.18250
2024 329   0.350814     3.77304   288.98499
2024 330   0.345184     3.82427   293.94684
2024 331   0.339732     3.84707   299.07111
2024 332   0.334510     3.83834   304.35910
2024 333   0.329569     3.79507   309.81003
2024 334   0.324962     3.71449   315.42044
2024 335   0.320744     3.59415   321.18408
2024 336   0.316970     3.43142   327.09143
2024 337   0.313774     3.21690   333.12976
2024 338   0.311254     2.96902   339.27673
2024 339   0.309318     2.68529   345.50940
2024 340   0.307993     2.36709   351.80505
2024 341   0.307300     2.01838   358.13904
2024 342   0.307252     1.64434     4.48553
2024 343   0.307849     1.25103    10.81825
2024 344   0.309082     0.84503    17.11152
2024 345   0.310930     0.43310    23.34104
2024 346   0.313364     0.02184    29.48463
2024 347   0.316348    -0.38258    35.52281
2024 348   0.319839    -0.77466    41.43914
2024 349   0.323788    -1.14974    47.22041
2024 350   0.328144    -1.50406    52.85664
2024 351   0.332854    -1.83475    58.34089
2024 352   0.337867    -2.13983    63.66906
2024 353   0.343129    -2.41810    68.83949
2024 354   0.348592    -2.66903    73.85266
2024 355   0.354207    -2.89264    78.71080
2024 356   0.359931    -3.08940    83.41755
2024 357   0.365720    -3.26010    87.97761
2024 358   0.371538    -3.40581    92.39652
2024 359   0.377349    -3.52771    96.68039
2024 360   0.383122    -3.62711   100.83566
2024 361   0.388827    -3.70535   104.86901
2024 362   0.394440    -3.76378   108.78720
2024 363   0.399936    -3.80372   112.59695
2024 364   0.405296    -3.82644   116.30490
2024 365   0.410500    -3.83315   119.91753
2024 366   0.415532    -3.82499   123.44115
2025   1   0.420378    -3.80303   126.88163
2025   2   0.425025    -3.76823   130.24519
2025   3   0.429462    -3.72148   133.53728
2025   4   0.433678    -3.66357   136.76331
2025   5   0.437664    -3.59520   139.92841
2025   6   0.441414    -3.51687   143.03752
2025   7   0.444919    -3.42868   146.09538
2025   8   0.448172    -3.32796   149.10645
2025   9   0.450227    -3.31398   152.07193
2025  10   0.451863    -3.33893   155.01331
2025  11   0.453243    -3.35510   157.93521
2025  12   0.454357    -3.36256   160.84111
2025  13   0.455201    -3.36143   163.73450
2025  14   0.455772    -3.35179   166.61884
2025  15   0.456069    -3.33373   169.49757
2025  16   0.456092    -3.30729   172.37415
2025  17   0.455840    -3.27252   175.25195
2025  18   0.455313    -3.22944   178.13445
2025  19   0.454513    -3.17804   181.02505
2025  20   0.453440    -3.11831   183.92714
2025  21   0.452095    -3.05023   186.84406
2025  22   0.450481    -2.97375   189.77942
2025  23   0.448599    -2.88880   192.73689
2025  24   0.446451    -2.79530   195.72028
2025  25   0.444041    -2.69318   198.73343
2025  26   0.441373    -2.58234   201.78040
2025  27   0.438449    -2.46267   204.86534
2025  28   0.435276    -2.33406   207.99257
2025  29   0.431859    -2.19640   211.16660
2025  30   0.428204    -2.04958   214.39211
2025  31   0.424318    -1.89352   217.67397
2025  32   0.420210    -1.72812   221.01732
2025  33   0.415889    -1.55334   224.42747
2025  34   0.411365    -1.36914   227.91003
2025  35   0.406652    -1.17556   231.47078
2025  36   0.401762    -0.97268   235.11580
2025  37   0.396710    -0.76065   238.85135
2025  38   0.391515    -0.53974   242.68396
2025  39   0.386194    -0.31034   246.62027
2025  40   0.380771    -0.07296   250.66714
2025  41   0.375268     0.17167   254.83145
2025  42   0.369713     0.42264   259.12009
2025  43   0.364134     0.67878   263.53983
2025  44   0.358565     0.93861   268.09711
2025  45   0.353041     1.20036   272.79797
2025  46   0.347601     1.46186   277.64774
2025  47   0.342286     1.72058   282.65076
2025  48   0.337142     1.97358   287.81006
2025  49   0.332215     2.21749   293.12704
2025  50   0.327554     2.44859   298.60117
2025  51   0.323210     2.66285   304.22940
2025  52   0.319233     2.85601   310.00592
2025  53   0.315674     3.02375   315.92221
2025  54   0.312580     3.16186   321.96631
2025  55   0.309996     3.26643   328.12268
2025  56   0.307960     3.33412   334.37262
2025  57   0.306504     3.36235   340.69452
2025  58   0.305651     3.34953   347.06433
2025  59   0.305416     3.29518   353.45642
2025  60   0.305802     3.20002   359.84439
2025  61   0.306804     3.06590     6.20200
2025  62   0.308405     2.89576    12.50433
2025  63   0.310581     2.69337    18.72833
2025  64   0.313298     2.46315    24.85327
2025  65   0.316517     2.20993    30.86147
2025  66   0.320193     1.93866    36.73849
2025  67   0.324278     1.65422    42.47325
2025  68   0.328722     1.36121    48.05785
2025  69   0.333473     1.06385    53.48741
2025  70   0.338482     0.76589    58.75967
2025  71   0.343699     0.47057    63.87465
2025  72   0.349077     0.18059    68.83425
2025  73   0.354572    -0.10183    73.64192
2025  74   0.360142    -0.37493    78.30226
2025  75   0.365750    -0.63735    82.82076
2025  76   0.371359    -0.88809    87.20353
2025  77   0.376939    -1.12645    91.45709
2025  78   0.382458    -1.35199    95.58820
2025  79   0.387892    -1.56446    99.60370
2025  80   0.393216    -1.76378   103.51044
2025  81   0.398410    -1.94998   107.31516
2025  82   0.403453    -2.12322   111.02446
2025  83   0.408331    -2.28370   114.64475
2025  84   0.413027    -2.43168   118.18222
2025  85   0.417528    -2.56747   121.64282
2025  86   0.421822    -2.69138   125.03228
2025  87   0.425900    -2.80373   128.35608
2025  88   0.429752    -2.90487   131.61948
2025  89   0.433370    -2.99511   134.82748
2025  90   0.436747    -3.07476   137.98492
2025  91   0.439877    -3.14413   141.09630
2025  92   0.442754    -3.20349   144.16583
2025  93   0.445374    -3.25312   147.19780
2025  94   0.447732    -3.29326   150.19633
2025  95   0.449824    -3.32413   153.16539
2025  96   0.451648    -3.34595   156.10887
2025  97   0.453201    -3.35889   159.03050
2025  98   0.454481    -3.36313   161.93399
2025  99   0.455486    -3.35879   164.82289
2025 100   0.456215    -3.34600   167.70076
2025 101   0.456667    -3.32485   170.57109
2025 102   0.456842    -3.29543   173.43733
2025 103   0.456739    -3.25779   176.30292
2025 104   0.456358    -3.21196   179.17131
2025 105   0.455701    -3.15798   182.04594
2025 106   0.454768    -3.09583   184.93031
2025 107   0.453559    -3.02551   187.82794
2025 108   0.452078    -2.94697   190.74240
2025 109   0.450326    -2.86018   193.67735
2025 110   0.448305    -2.76508   196.63655
2025 111   0.446018    -2.66160   199.62383
2025 112   0.443469    -2.54964   202.64314
2025 113   0.440663    -2.42913   205.69852
2025 114   0.437603    -2.29998   208.79401
2025 115   0.434295    -2.16211   211.93398
2025 116   0.430744    -2.01541   215.12303
2025 117   0.426959    -1.85982   218.36595
2025 118   0.422945    -1.69526   221.66777
2025 119   0.418713    -1.52169   225.03369
2025 120   0.414272    -1.33909   228.46921
2025 121   0.409633    -1.14750   231.98001
2025 122   0.404810    -0.94699   235.57208
2025 123   0.399815    -0.73773   239.25159
2025 124   0.394667    -0.51996   243.02496
2025 125   0.389382    -0.29404   246.89885
2025 126   0.383981    -0.06045   250.88007
2025 127   0.378487     0.18013   254.97551
2025 128   0.372926     0.42685   259.19217
2025 129   0.367324     0.67862   263.53696
2025 130   0.361713     0.93407   268.01660
2025 131   0.356128     1.19155   272.63745
2025 132   0.350606     1.44903   277.40527
2025 133   0.345187     1.70415   282.32523
2025 134   0.339916     1.95411   287.40137
2025 135   0.334839     2.19575   292.63605
2025 136   0.330005     2.42550   298.02979
2025 137   0.325465     2.63946   303.58087
2025 138   0.321270     2.83347   309.28488
2025 139   0.317471     3.00327   315.13455
2025 140   0.314119     3.14462   321.11920
2025 141   0.311260     3.25353   327.22495
2025 142   0.308935     3.32650   333.43442
2025 143   0.307180     3.36070   339.72717
2025 144   0.306023     3.35425   346.08008
2025 145   0.305484     3.30631   352.46838
2025 146   0.305571     3.21723   358.86569
2025 147   0.306284     3.08857     5.24538
2025 148   0.307612     2.92295    11.58136
2025 149   0.309533     2.72397    17.84912
2025 150   0.312020     2.49596    24.02646
2025 151   0.315034     2.24372    30.09400
2025 152   0.318532     1.97226    36.03564
2025 153   0.322468     1.68658    41.83861
2025 154   0.326791     1.39147    47.49349
2025 155   0.331449     1.09132    52.99401
2025 156   0.336392     0.79008    58.33672
2025 157   0.341569     0.49116    63.52066
2025 158   0.346931     0.19744    68.54694
2025 159   0.352433    -0.08871    73.41840
2025 160   0.358030    -0.36541    78.13918
2025 161   0.363684    -0.63122    82.71449
2025 162   0.369356    -0.88508    87.15024
2025 163   0.375014    -1.12623    91.45285
2025 164   0.380625    -1.35420    95.62906
2025 165   0.386163    -1.56874    99.68574
2025 166   0.391602    -1.76976   103.62980
2025 167   0.396920    -1.95731   107.46808
2025 168   0.402097    -2.13155   111.20731
2025 169   0.407115    -2.29272   114.85400
2025 170   0.411958    -2.44110   118.41449
2025 171   0.416612    -2.57702   121.89487
2025 172   0.421065    -2.70082   125.30098
2025 173   0.425305    -2.81287   128.63843
2025 174   0.429323    -2.91352   131.91258
2025 175   0.433111    -3.00312   135.12860
2025 176   0.436660    -3.08202   138.29137
2025 177   0.439965    -3.15054   141.40559
2025 178   0.443020    -3.20900   144.47580
2025 179   0.445819    -3.25768   147.50632
2025 180   0.448359    -3.29685   150.50130
2025 181   0.450636    -3.32677   153.46477
2025 182   0.452647    -3.34765   156.40039
2025 183   0.454388    -3.35970   159.31187
2025 184   0.455858    -3.36310   162.20290
2025 185   0.457054    -3.35801   165.07704
2025 186   0.457975    -3.34458   167.93784
2025 187   0.458620    -3.32292   170.78876
2025 188   0.458988    -3.29313   173.63326
2025 189   0.459079    -3.25528   176.47470
2025 190   0.458893    -3.20944   179.31650
2025 191   0.458429    -3.15563   182.16205
2025 192   0.457689    -3.09390   185.01477
2025 193   0.456673    -3.02422   187.87811
2025 194   0.455384    -2.94660   190.75554
2025 195   0.453821    -2.86101   193.65065
2025 196   0.451989    -2.76740   196.56703
2025 197   0.449888    -2.66573   199.50844
2025 198   0.447523    -2.55592   202.47868
2025 199   0.444897    -2.43791   205.48174
2025 200   0.442013    -2.31161   208.52165
2025 201   0.438878    -2.17696   211.60271
2025 202   0.435495    -2.03386   214.72931
2025 203   0.431872    -1.88225   217.90605
2025 204   0.428016    -1.72206   221.13773
2025 205   0.423935    -1.55324   224.42935
2025 206   0.419638    -1.37578   227.78615
2025 207   0.415135    -1.18970   231.21361
2025 208   0.410438    -0.99505   234.71742
2025 209   0.405560    -0.79195   238.30354
2025 210   0.400517    -0.58062   241.97813
2025 211   0.395326    -0.36134   245.74759
2025 212   0.390004    -0.13453   249.61853
2025 213   0.384573     0.09926   253.59763
2025 214   0.379057     0.33929   257.69177
2025 215   0.373481     0.58463   261.90775
2025 216   0.367874     0.83410   266.25232
2025 217   0.362269     1.08633   270.73199
2025 218   0.356699     1.33953   275.35278
2025 219   0.351203     1.59157   280.12027
2025 220   0.345822     1.83999   285.03900
2025 221   0.340600     2.08195   290.11237
2025 222   0.335583     2.31421   295.34222
2025 223   0.330820     2.53322   300.72855
2025 224   0.326360     2.73510   306.26904
2025 225   0.322256     2.91577   311.95874
2025 226   0.318555     3.07112   317.78976
2025 227   0.315308     3.19709   323.75104
2025 228   0.312558     3.28997   329.82846
2025 229   0.310346     3.34653   336.00452
2025 230   0.308707     3.36431   342.25864
2025 231   0.307666     3.34176   348.56772
2025 232   0.307241     3.27843   354.90683
2025 233   0.307439     3.17500     1.24995
2025 234   0.308259     3.03331     7.57103
2025 235   0.309687     2.85622    13.84474
2025 236   0.311701     2.64750    20.04739
2025 237   0.314271     2.41152    26.15765
2025 238   0.317360     2.15309    32.15703
2025 239   0.320925     1.87716    38.03022
2025 240   0.324918     1.58861    43.76519
2025 241   0.329289     1.29206    49.35315
2025 242   0.333989     0.99175    54.78828
2025 243   0.338966     0.69144    60.06754
2025 244   0.344171     0.39436    65.19022
2025 245   0.349557     0.10324    70.15758
2025 246   0.355078    -0.17971    74.97253
2025 247   0.360691    -0.45276    79.63927
2025 248   0.366358    -0.71456    84.16291
2025 249   0.372042    -0.96416    88.54930
2025 250   0.377710    -1.20090    92.80476
2025 251   0.383332    -1.42435    96.93586
2025 252   0.388880    -1.63433   100.94935
2025 253   0.394330    -1.83079   104.85197
2025 254   0.399661    -2.01383   108.65043
2025 255   0.404852    -2.18364   112.35126
2025 256   0.409885    -2.34046   115.96087
2025 257   0.414746    -2.48461   119.48541
2025 258   0.419420    -2.61642   122.93084
2025 259   0.423895    -2.73626   126.30288
2025 260   0.428161    -2.84449   129.60699
2025 261   0.432207    -2.94148   132.84845
2025 262   0.436026    -3.02758   136.03224
2025 263   0.439609    -3.10315   139.16318
2025 264   0.442951    -3.16851   142.24586
2025 265   0.446046    -3.22397   145.28471
2025 266   0.448889    -3.26984   148.28395
2025 267   0.451475    -3.30638   151.24765
2025 268   0.453802    -3.33384   154.17973
2025 269   0.455866    -3.35246   157.08400
2025 270   0.457664    -3.36244   159.96414
2025 271   0.459194    -3.36396   162.82372
2025 272   0.460455    -3.35718   165.66621
2025 273   0.461445    -3.34226   168.49489
2025 274   0.462163    -3.31931   171.31300
2025 275   0.462607    -3.28844   174.12389
2025 276   0.462778    -3.24974   176.93085
2025 277   0.462676    -3.20325   179.73714
2025 278   0.462299    -3.14905   182.54605
2025 279   0.461650    -3.08714   185.36090
2025 280   0.460729    -3.01755   188.18500
2025 281   0.459536    -2.94028   191.02171
2025 282   0.458074    -2.85530   193.87445
2025 283   0.456344    -2.76260   196.74669
2025 284   0.454349    -2.66211   199.64201
2025 285   0.452092    -2.55381   202.56407
2025 286   0.449575    -2.43761   205.51665
2025 287   0.446803    -2.31346   208.50365
2025 288   0.443779    -2.18130   211.52911
2025 289   0.440510    -2.04104   214.59724
2025 290   0.437000    -1.89262   217.71242
2025 291   0.433257    -1.73600   220.87920
2025 292   0.429287    -1.57112   224.10234
2025 293   0.425099    -1.39796   227.38681
2025 294   0.420703    -1.21655   230.73779
2025 295   0.416109    -1.02693   234.16071
2025 296   0.411330    -0.82920   237.66122
2025 297   0.406380    -0.62354   241.24519
2025 298   0.401273    -0.41020   244.91873
2025 299   0.396027    -0.18953   248.68811
2025 300   0.390661     0.03798   252.55983
2025 301   0.385196     0.27169   256.54047
2025 302   0.379658     0.51080   260.63666
2025 303   0.374071     0.75428   264.85504
2025 304   0.368466     1.00088   269.20212
2025 305   0.362874     1.24904   273.68408
2025 306   0.357332     1.49693   278.30664
2025 307   0.351876     1.74235   283.07483
2025 308   0.346548     1.98278   287.99280
2025 309   0.341392     2.21530   293.06335
2025 310   0.336455     2.43667   298.28778
2025 311   0.331783     2.64335   303.66571
2025 312   0.327427     2.83150   309.19421
2025 313   0.323437     2.99717   314.86761
2025 314   0.319862     3.13640   320.67737
2025 315   0.316748     3.24538   326.61176
2025 316   0.314140     3.32067   332.65585
2025 317   0.312075     3.35941   338.79169
2025 318   0.310585     3.35953   344.99847
2025 319   0.309694     3.31990   351.25320
2025 320   0.309416     3.24045   357.53125
2025 321   0.309757     3.12225     3.80719
2025 322   0.310711     2.96742    10.05570
2025 323   0.312265     2.77906    16.25242
2025 324   0.314394     2.56103    22.37473
2025 325   0.317068     2.31778    28.40238
2025 326   0.320248     2.05406    34.31797
2025 327   0.323892     1.77469    40.10717
2025 328   0.327953     1.48440    45.75886
2025 329   0.332381     1.18761    51.26496
2025 330   0.337127     0.88836    56.62029
2025 331   0.342142     0.59017    61.82222
2025 332   0.347377     0.29610    66.87035
2025 333   0.352785     0.00868    71.76617
2025 334   0.358323    -0.27006    76.51266
2025 335   0.363949    -0.53852    81.11401
2025 336   0.369624    -0.79549    85.57532
2025 337   0.375315    -1.04010    89.90228
2025 338   0.380988    -1.27177    94.10110
2025 339   0.386614    -1.49017    98.17817
2025 340   0.392167    -1.69515   102.14007
2025 341   0.397622    -1.88671   105.99334
2025 342   0.402959    -2.06497   109.74448
2025 343   0.408157    -2.23014   113.39988
2025 344   0.413200    -2.38251   116.96571
2025 345   0.418074    -2.52239   120.44798
2025 346   0.422763    -2.65012   123.85246
2025 347   0.427256    -2.76608   127.18471
2025 348   0.431543    -2.87063   130.45003
2025 349   0.435614    -2.96414   133.65355
2025 350   0.439460    -3.04698   136.80013
2025 351   0.443076    -3.11949   139.89442
2025 352   0.446453    -3.18200   142.94092
2025 353   0.449587    -3.23483   145.94389
2025 354   0.452473    -3.27827   148.90749
2025 355   0.455106    -3.31260   151.83562
2025 356   0.457483    -3.33806   154.73213
2025 357   0.459601    -3.35489   157.60072
2025 358   0.461457    -3.36329   160.44493
2025 359   0.463049    -3.36346   163.26825
2025 360   0.464376    -3.35555   166.07408
2025 361   0.465435    -3.33971   168.86571
2025 362   0.466227    -3.31608   171.64642
2025 363   0.466749    -3.28475   174.41942
2025 364   0.467002    -3.24581   177.18787
2025 365   0.466986    -3.19933   179.95494
2026   1   0.466698    -3.14540   182.72371
2026   2   0.466144    -3.08399   185.49750
2026   3   0.465323    -3.01514   188.27914
2026   4   0.464235    -2.93888   191.07188
2026   5   0.462882    -2.85520   193.87894
2026   6   0.461265    -2.76407   196.70363
2026   7   0.459386    -2.66546   199.54938
2026   8   0.457248    -2.55934   202.41965
2026   9   0.454854    -2.44566   205.31802
2026  10   0.452207    -2.32435   208.24818
2026  11   0.449312    -2.19537   211.21397
2026  12   0.446172    -2.05865   214.21936
2026  13   0.442793    -1.91413   217.26845
2026  14   0.439182    -1.76177   220.36552
2026  15   0.435344    -1.60153   223.51509
2026  16   0.431287    -1.43340   226.72180
2026  17   0.427020    -1.25737   229.99054
2026  18   0.422553    -1.07349   233.32639
2026  19   0.417897    -0.88184   236.73465
2026  20   0.413065    -0.68256   240.22086
2026  21   0.408069    -0.47588   243.79074
2026  22   0.402926    -0.26208   247.45026
2026  23   0.397653    -0.04158   251.20554
2026  24   0.392270     0.18509   255.06284
2026  25   0.386798     0.41725   259.02850
2026  26   0.381261     0.65401   263.10898
2026  27   0.375686     0.89430   267.31061
2026  28   0.370102     1.13679   271.63953
2026  29   0.364542     1.37991   276.10162
2026  30   0.359040     1.62176   280.70251
2026  31   0.353633     1.86014   285.44684
2026  32   0.348364     2.09250   290.33829
2026  33   0.343276     2.31594   295.37921
2026  34   0.338414     2.52726   300.57047
2026  35   0.333825     2.72295   305.91080
2026  36   0.329559     2.89934   311.39679
2026  37   0.325664     3.05261   317.02243
2026  38   0.322186     3.17902   322.77881
2026  39   0.319172     3.27502   328.65405
2026  40   0.316661     3.33745   334.63321
2026  41   0.314691     3.36375   340.69855
2026  42   0.313291     3.35215   346.82968
2026  43   0.312482     3.30180   353.00421
2026  44   0.312279     3.21288   359.19827
2026  45   0.312683     3.08661     5.38741
2026  46   0.313691     2.92524    11.54736
2026  47   0.315286     2.73189    17.65482
2026  48   0.317446     2.51040    23.68822
2026  49   0.320139     2.26511    29.62827
2026  50   0.323329     2.00062    35.45840
2026  51   0.326974     1.72160    41.16500
2026  52   0.331027     1.43258    46.73744
2026  53   0.335442     1.13779    52.16802
2026  54   0.340170     0.84110    57.45176
2026  55   0.345163     0.54587    62.58611
2026  56   0.350374     0.25502    67.57066
2026  57   0.355758    -0.02904    72.40678
2026  58   0.361271    -0.30437    77.09726
2026  59   0.366875    -0.56945    81.64606
2026  60   0.372530    -0.82311    86.05802
2026  61   0.378204    -1.06455    90.33859
2026  62   0.383863    -1.29320    94.49367
2026  63   0.389480    -1.50875    98.52939
2026  64   0.395029    -1.71107   102.45205
2026  65   0.400485    -1.90016   106.26795
2026  66   0.405828    -2.07615   109.98335
2026  67   0.411039    -2.23925   113.60440
2026  68   0.416100    -2.38973   117.13706
2026  69   0.420997    -2.52792   120.58714
2026  70   0.425716    -2.65415   123.96024
2026  71   0.430246    -2.76878   127.26173
2026  72   0.434575    -2.87220   130.49678
2026  73   0.438694    -2.96475   133.67032
2026  74   0.442595    -3.04680   136.78711
2026  75   0.446271    -3.11869   139.85167
2026  76   0.449715    -3.18076   142.86835
2026  77   0.452921    -3.23331   145.84131
2026  78   0.455885    -3.27665   148.77458
2026  79   0.458602    -3.31104   151.67198
2026  80   0.461069    -3.33675   154.53722
2026  81   0.463283    -3.35400   157.37390
2026  82   0.465240    -3.36300   160.18547
2026  83   0.466938    -3.36395   162.97530
2026  84   0.468377    -3.35701   165.74667
2026  85   0.469553    -3.34234   168.50282
2026  86   0.470466    -3.32008   171.24686
2026  87   0.471115    -3.29032   173.98190
2026  88   0.471500    -3.25317   176.71100
2026  89   0.471621    -3.20871   179.43721
2026  90   0.471477    -3.15699   182.16354
2026  91   0.471068    -3.09806   184.89302
2026  92   0.470397    -3.03195   187.62871
2026  93   0.469463    -2.95867   190.37364
2026  94   0.468268    -2.87823   193.13092
2026  95   0.466813    -2.79062   195.90363
2026  96   0.465100    -2.69582   198.69481
2026  97   0.463132    -2.59381   201.50772
2026  98   0.460911    -2.48455   204.34572
2026  99   0.458440    -2.36798   207.21228
2026 100   0.455722    -2.24408   210.11099
2026 101   0.452761    -2.11277   213.04555
2026 102   0.449563    -1.97402   216.01978
2026 103   0.446132    -1.82778   219.03769
2026 104   0.442474    -1.67400   222.10345
2026 105   0.438597    -1.51268   225.22139
2026 106   0.434507    -1.34380   228.39603
2026 107   0.430213    -1.16739   231.63208
2026 108   0.425726    -0.98350   234.93446
2026 109   0.421055    -0.79225   238.30832
2026 110   0.416213    -0.59379   241.75896
2026 111   0.411215    -0.38836   245.29193
2026 112   0.406075    -0.17627   248.91296
2026 113   0.400810     0.04205   252.62793
2026 114   0.395440     0.26605   256.44287
2026 115   0.389986     0.49503   260.36386
2026 116   0.384471     0.72812   264.39703
2026 117   0.378921     0.96424   268.54849
2026 118   0.373365     1.20209   272.82407
2026 119   0.367834     1.44010   277.22931
2026 120   0.362363     1.67643   281.76938
2026 121   0.356987     1.90892   286.44861
2026 122   0.351746     2.13513   291.27042
2026 123   0.346681     2.35226   296.23712
2026 124   0.341838     2.55725   301.34943
2026 125   0.337260     2.74677   306.60629
2026 126   0.332995     2.91730   312.00452
2026 127   0.329089     3.06526   317.53851
2026 128   0.325587     3.18706   323.19995
2026 129   0.322532     3.27935   328.97784
2026 130   0.319965     3.33913   334.85828
2026 131   0.317921     3.36393   340.82462
2026 132   0.316429     3.35205   346.85779
2026 133   0.315510     3.30259   352.93677
2026 134   0.315180     3.21567   359.03900
2026 135   0.315442     3.09236     5.14135
2026 136   0.316293     2.93469    11.22057
2026 137   0.317721     2.74557    17.25426
2026 138   0.319704     2.52858    23.22145
2026 139   0.322215     2.28783    29.10325
2026 140   0.325218     2.02770    34.88316
2026 141   0.328676     1.75268    40.54745
2026 142   0.332544     1.46717    46.08516
2026 143   0.336777     1.17532    51.48813
2026 144   0.341329     0.88093    56.75079
2026 145   0.346154     0.58737    61.86996
2026 146   0.351204     0.29756    66.84457
2026 147   0.356437     0.01395    71.67529
2026 148   0.361810    -0.26145    76.36430
2026 149   0.367283    -0.52706    80.91496
2026 150   0.372818    -0.78166    85.33154
2026 151   0.378383    -1.02436    89.61900
2026 152   0.383944    -1.25456    93.78278
2026 153   0.389472    -1.47186    97.82865
2026 154   0.394942    -1.67609   101.76254
2026 155   0.400330    -1.86721   105.59048
2026 156   0.405613    -2.04531   109.31846
2026 157   0.410773    -2.21056   112.95242
2026 158   0.415792    -2.36321   116.49815
2026 159   0.420654    -2.50355   119.96130
2026 160   0.425346    -2.63192   123.34734
2026 161   0.429855    -2.74866   126.66153
2026 162   0.434170    -2.85412   129.90897
2026 163   0.438281    -2.94866   133.09450
2026 164   0.442180    -3.03265   136.22282
2026 165   0.445859    -3.10641   139.29843
2026 166   0.449310    -3.17028   142.32561
2026 167   0.452529    -3.22457   145.30850
2026 168   0.455509    -3.26959   148.25108
2026 169   0.458247    -3.30559   151.15718
2026 170   0.460738    -3.33285   154.03047
2026 171   0.462978    -3.35160   156.87454
2026 172   0.464965    -3.36205   159.69284
2026 173   0.466695    -3.36440   162.48871
2026 174   0.468168    -3.35882   165.26544
2026 175   0.469381    -3.34548   168.02623
2026 176   0.470333    -3.32450   170.77422
2026 177   0.471022    -3.29600   173.51248
2026 178   0.471448    -3.26009   176.24409
2026 179   0.471611    -3.21685   178.97209
2026 180   0.471510    -3.16634   181.69946
2026 181   0.471145    -3.10861   184.42924
2026 182   0.470517    -3.04369   187.16447
2026 183   0.469627    -2.97161   189.90819
2026 184   0.468476    -2.89237   192.66347
2026 185   0.467064    -2.80597   195.43347
2026 186   0.465395    -2.71239   198.22139
2026 187   0.463469    -2.61159   201.03047
2026 188   0.461290    -2.50355   203.86409
2026 189   0.458860    -2.38822   206.72566
2026 190   0.456183    -2.26555   209.61879
2026 191   0.453263    -2.13549   212.54712
2026 192   0.450104    -1.99799   215.51450
2026 193   0.446711    -1.85301   218.52487
2026 194   0.443090    -1.70050   221.58240
2026 195   0.439249    -1.54044   224.69136
2026 196   0.435193    -1.37282   227.85626
2026 197   0.430932    -1.19767   231.08179
2026 198   0.426476    -1.01502   234.37282
2026 199   0.421834    -0.82499   237.73445
2026 200   0.417020    -0.62771   241.17200
2026 201   0.412046    -0.42342   244.69095
2026 202   0.406927    -0.21240   248.29700
2026 203   0.401681     0.00492   251.99602
2026 204   0.396326     0.22803   255.79401
2026 205   0.390883     0.45626   259.69708
2026 206   0.385376     0.68875   263.71133
2026 207   0.379829     0.92447   267.84290
2026 208   0.374271     1.16216   272.09766
2026 209   0.368732     1.40029   276.48126
2026 210   0.363247     1.63707   280.99887
2026 211   0.357851     1.87040   285.65503
2026 212   0.352583     2.09787   290.45334
2026 213   0.347485     2.31675   295.39633
2026 214   0.342601     2.52403   300.48499
2026 215   0.337974     2.71640   305.71857
2026 216   0.333653     2.89038   311.09424
2026 217   0.329682     3.04237   316.60687
2026 218   0.326109     3.16880   322.24863
2026 219   0.322976     3.26623   328.00891
2026 220   0.320325     3.33161   333.87427
2026 221   0.318191     3.36237   339.82852
2026 222   0.316605     3.35666   345.85303
2026 223   0.315589     3.31344   351.92694
2026 224   0.315160     3.23266   358.02795
2026 225   0.315324     3.11523     4.13294
2026 226   0.316078     2.96304    10.21861
2026 227   0.317411     2.77884    16.26237
2026 228   0.319305     2.56614    22.24295
2026 229   0.321731     2.32896    28.14106
2026 230   0.324656     2.07166    33.93979
2026 231   0.328042     1.79873    39.62492
2026 232   0.331846     1.51459    45.18504
2026 233   0.336023     1.22346    50.61151
2026 234   0.340526     0.92918    55.89836
2026 235   0.345310     0.63522    61.04204
2026 236   0.350327     0.34456    66.04114
2026 237   0.355534     0.05974    70.89607
2026 238   0.360887    -0.21717    75.60880
2026 239   0.366346    -0.48452    80.18250
2026 240   0.371875    -0.74102    84.62131
2026 241   0.377437    -0.98575    88.93011
2026 242   0.383001    -1.21805    93.11427
2026 243   0.388538    -1.43750    97.17951
2026 244   0.394019    -1.64389   101.13176
2026 245   0.399422    -1.83717   104.97704
2026 246   0.404724    -2.01739   108.72136
2026 247   0.409905    -2.18473   112.37066
2026 248   0.414948    -2.33942   115.93077
2026 249   0.419837    -2.48175   119.40738
2026 250   0.424557    -2.61205   122.80597
2026 251   0.429096    -2.73065   126.13186
2026 252   0.433443    -2.83792   129.39015
2026 253   0.437587    -2.93421   132.58575
2026 254   0.441519    -3.01988   135.72340
2026 255   0.445233    -3.09527   138.80759
2026 256   0.448720    -3.16072   141.84265
2026 257   0.451975    -3.21653   144.83278
2026 258   0.454992    -3.26302   147.78195
2026 259   0.457766    -3.30045   150.69403
2026 260   0.460294    -3.32910   153.57272
2026 261   0.462571    -3.34920   156.42163
2026 262   0.464595    -3.36096   159.24422
2026 263   0.466362    -3.36459   162.04385
2026 264   0.467871    -3.36027   164.82385
2026 265   0.469119    -3.34815   167.58740
2026 266   0.470105    -3.32838   170.33768
2026 267   0.470828    -3.30107   173.07779
2026 268   0.471287    -3.26633   175.81079
2026 269   0.471480    -3.22425   178.53972
2026 270   0.471409    -3.17489   181.26762
2026 271   0.471071    -3.11831   183.99753
2026 272   0.470468    -3.05453   186.73247
2026 273   0.469601    -2.98360   189.47551
2026 274   0.468468    -2.90551   192.22977
2026 275   0.467073    -2.82027   194.99837
2026 276   0.465414    -2.72786   197.78456
2026 277   0.463496    -2.62826   200.59160
2026 278   0.461317    -2.52145   203.42290
2026 279   0.458883    -2.40738   206.28191
2026 280   0.456193    -2.28602   209.17224
2026 281   0.453253    -2.15732   212.09763
2026 282   0.450064    -2.02124   215.06194
2026 283   0.446631    -1.87775   218.06920
2026 284   0.442958    -1.72682   221.12363
2026 285   0.439051    -1.56846   224.22960
2026 286   0.434915    -1.40266   227.39172
2026 287   0.430557    -1.22946   230.61479
2026 288   0.425985    -1.04893   233.90384
2026 289   0.421206    -0.86119   237.26410
2026 290   0.416232    -0.66638   240.70107
2026 291   0.411072    -0.46473   244.22046
2026 292   0.405740    -0.25654   247.82816
2026 293   0.400249    -0.04219   251.53027
2026 294   0.394614     0.17783   255.33298
2026 295   0.388852     0.40292   259.24237
2026 296   0.382983     0.63237   263.26440
2026 297   0.377029     0.86538   267.40427
2026 298   0.371021     1.10121   271.66595
2026 299   0.365010     1.33943   276.05209
2026 300   0.359081     1.58000   280.56766
2026 301   0.353314     1.82161   285.22678
2026 302   0.347720     2.06046   290.04459
2026 303   0.342297     2.29228   295.02777
2026 304   0.337069     2.51315   300.17816
2026 305   0.332075     2.71922   305.49564
2026 306   0.327365     2.90649   310.97818
2026 307   0.322992     3.07081   316.62161
2026 308   0.319011     3.20798   322.41879
2026 309   0.315477     3.31390   328.35944
2026 310   0.312442     3.38480   334.42969
2026 311   0.309956     3.41742   340.61209
2026 312   0.308060     3.40933   346.88568
2026 313   0.306790     3.35909   353.22638
2026 314   0.306173     3.26641   359.60767
2026 315   0.306222     3.13232     6.00128
2026 316   0.306943     2.95911    12.37825
2026 317   0.308327     2.75023    18.71004
2026 318   0.310353     2.51013    24.96955
2026 319   0.312989     2.24395    31.13215
2026 320   0.316194     1.95725    37.17636
2026 321   0.319919     1.65571    43.08433
2026 322   0.324110     1.34487    48.84190
2026 323   0.328709     1.03001    54.43830
2026 324   0.333660     0.71623    59.86532
2026 325   0.338912     0.40944    65.11449
2026 326   0.344362     0.14818    70.19746
2026 327   0.349791    -0.15811    75.20605
2026 328   0.355490    -0.45613    79.99407
2026 329   0.361228    -0.70278    84.67354
2026 330   0.367040    -0.97811    89.19564
2026 331   0.372874    -1.20456    93.53399
2026 332   0.378673    -1.45374    97.76797
2026 333   0.384452    -1.66892   101.90273
2026 334   0.390157    -1.86470   105.90611
2026 335   0.395732    -2.05311   109.77814
2026 336   0.401148    -2.21782   113.53477
2026 337   0.406538    -2.37420   117.23331
2026 338   0.411644    -2.52876   120.80022
2026 339   0.416656    -2.66282   124.30347
2026 340   0.421478    -2.78201   127.72449
2026 341   0.426027    -2.88355   131.05806
2026 342   0.430491    -2.98012   134.34312
2026 343   0.434623    -3.05710   137.54770
2026 344   0.438587    -3.14080   140.70119
2026 345   0.442293    -3.19524   143.79857
2026 346   0.445704    -3.25739   146.84148
2026 347   0.448968    -3.29423   149.84911
2026 348   0.451874    -3.32352   152.80763
2026 349   0.454539    -3.34813   155.73148
2026 350   0.456934    -3.36630   158.62276
2026 351   0.459095    -3.37909   161.48724
2026 352   0.461011    -3.37957   164.32762
2026 353   0.462650    -3.36987   167.14589
2026 354   0.464007    -3.35142   169.94565
2026 355   0.465082    -3.32480   172.73047
2026 356   0.465876    -3.29032   175.50385
2026 357   0.466386    -3.24823   178.26920
2026 358   0.466612    -3.19870   181.02989
2026 359   0.466555    -3.14192   183.78928
2026 360   0.466213    -3.07808   186.55075
2026 361   0.465586    -3.00750   189.31767
2026 362   0.464675    -2.93086   192.09354
2026 363   0.463490    -2.85039   194.88159
2026 364   0.462079    -2.76323   197.68356
2026 365   0.460400    -2.66502   200.50357
2027   1   0.458437    -2.55816   203.34581
2027   2   0.456203    -2.44333   206.21391
2027   3   0.453697    -2.32080   209.11174
2027   4   0.450924    -2.19066   212.04326
2027   5   0.447888    -2.05295   215.01257
2027   6   0.444594    -1.90771   218.02397
2027   7   0.441048    -1.75500   221.08192
2027   8   0.437256    -1.59494   224.19118
2027   9   0.433225    -1.42789   227.35672
2027  10   0.429014    -1.25663   230.57643
2027  11   0.424544    -1.08162   233.86763
2027  12   0.419851    -0.88240   237.23239
2027  13   0.415008    -0.69477   240.66614
2027  14   0.409964    -0.48994   244.18544
2027  15   0.404750    -0.27793   247.79382
2027  16   0.399361    -0.06007   251.50601
2027  17   0.393880     0.16743   255.30463
2027  18   0.388255     0.40360   259.22635
2027  19   0.382549     0.63635   263.26273
2027  20   0.376791     0.87423   267.40863
2027  21   0.370990     1.10942   271.69672
2027  22   0.365189     1.36046   276.12460
2027  23   0.359413     1.59988   280.68118
2027  24   0.353717     1.83276   285.39984
2027  25   0.348138     2.07629   290.27277
2027  26   0.342690     2.29809   295.29187
2027  27   0.337476     2.50624   300.48404
2027  28   0.332513     2.71622   305.83435
2027  29   0.327820     2.89176   311.33560
2027  30   0.323536     3.04367   317.00247
2027  31   0.319643     3.18591   322.81158
2027  32   0.316176     3.28015   328.75281
2027  33   0.313286     3.34077   334.82385
2027  34   0.310904     3.38102   340.99417
2027  35   0.309086     3.36348   347.24704
2027  36   0.307963     3.30766   353.56308
2027  37   0.307407     3.22681   359.91104
2027  38   0.307490     3.08766     6.26706
2027  39   0.308295     2.91547    12.60192
2027  40   0.309646     2.72258    18.89385
2027  41   0.311619     2.48167    25.11505
2027  42   0.314239     2.22206    31.23760
2027  43   0.317308     1.95229    37.25746
2027  44   0.320901     1.65105    43.14626
2027  45   0.324991     1.34851    48.88580
2027  46   0.329397     1.04646    54.49058
2027  47   0.334177     0.72920    59.93295
2027  48   0.339256     0.42972    65.21454
2027  49   0.344561     0.12451    70.33955
2027  50   0.350064    -0.17198    75.30242
2027  51   0.355712    -0.44640    80.10659
2027  52   0.361446    -0.71672    84.76598
2027  53   0.367238    -0.97427    89.27954
2027  54   0.373051    -1.21985    93.65524
2027  55   0.378847    -1.44871    97.88880
2027  56   0.384600    -1.67040   102.00253
2027  57   0.390284    -1.87050   105.99920
2027  58   0.395866    -2.05059   109.87962
2027  59   0.401315    -2.22746   113.64927
2027  60   0.406652    -2.38499   117.33045
2027  61   0.411791    -2.52997   120.90702
2027  62   0.416797    -2.65835   124.40794
2027  63   0.421582    -2.78259   127.82083
2027  64   0.426171    -2.88886   131.16064
2027  65   0.430546    -2.98110   134.43163
2027  66   0.434717    -3.06265   137.64140
2027  67   0.438663    -3.13648   140.79263
2027  68   0.442360    -3.20151   143.88855
2027  69   0.445799    -3.25615   146.93391
2027  70   0.448977    -3.29918   149.93390
2027  71   0.451903    -3.33011   152.89401
2027  72   0.454592    -3.35151   155.81934
