YEAR DAY  RAD_AU      HGI_LAT   HGI_LON
2018 225  1.013037     6.46533   243.75919
2018 226  1.012642     6.44093   244.32547
2018 227  1.012057     6.41596   244.89267
2018 228  1.011282     6.39036   245.46072
2018 229  1.010316     6.36410   246.02979
2018 230  1.009159     6.33718   246.60001
2018 231  1.007811     6.30957   247.17163
2018 232  1.006271     6.28125   247.74484
2018 233  1.004538     6.25221   248.31969
2018 234  1.002613     6.22243   248.89644
2018 235  1.000494     6.19190   249.47548
2018 236  0.998181     6.16060   250.05702
2018 237  0.995674     6.12852   250.64133
2018 238  0.992972     6.09563   251.22861
2018 239  0.990074     6.06192   251.81917
2018 240  0.986979     6.02736   252.41324
2018 241  0.983686     5.99193   253.01108
2018 242  0.980195     5.95559   253.61301
2018 243  0.976504     5.91834   254.21927
2018 244  0.972612     5.88012   254.83017
2018 245  0.968518     5.84092   255.44606
2018 246  0.964221     5.80071   256.06723
2018 247  0.959719     5.75944   256.69397
2018 248  0.955011     5.71707   257.32672
2018 249  0.950096     5.67358   257.96573
2018 250  0.944972     5.62891   258.61145
2018 251  0.939638     5.58302   259.26428
2018 252  0.934091     5.53587   259.92459
2018 253  0.928330     5.48739   260.59283
2018 254  0.922353     5.43755   261.26947
2018 255  0.916158     5.38627   261.95499
2018 256  0.909744     5.33350   262.64990
2018 257  0.903107     5.27917   263.35471
2018 258  0.896245     5.22321   264.07001
2018 259  0.889157     5.16555   264.79642
2018 260  0.881840     5.10610   265.53455
2018 261  0.874291     5.04477   266.28510
2018 262  0.866507     4.98147   267.04877
2018 263  0.858485     4.91610   267.82632
2018 264  0.850224     4.84856   268.61865
2018 265  0.841718     4.77872   269.42657
2018 266  0.832966     4.70645   270.25107
2018 267  0.823964     4.63163   271.09314
2018 268  0.814708     4.55410   271.95392
2018 269  0.805194     4.47371   272.83453
2018 270  0.795420     4.39027   273.73633
2018 271  0.785380     4.30361   274.66064
2018 272  0.775071     4.21351   275.60901
2018 273  0.764487     4.11975   276.58301
2018 274  0.753625     4.02208   277.58453
2018 275  0.742480     3.92023   278.61542
2018 276  0.731044     3.81390   279.67773
2018 277  0.719728     3.75664   280.70834
2018 278  0.708364     3.72800   281.73608
2018 279  0.696647     3.69715   282.79788
2018 280  0.684567     3.66390   283.89655
2018 281  0.672116     3.62802   285.03522
2018 282  0.659284     3.58925   286.21747
2018 283  0.646063     3.54730   287.44727
2018 284  0.632442     3.50184   288.72919
2018 285  0.618411     3.45247   290.06824
2018 286  0.603959     3.39876   291.47031
2018 287  0.589074     3.34020   292.94202
2018 288  0.573745     3.27617   294.49103
2018 289  0.557958     3.20599   296.12622
2018 290  0.541700     3.12881   297.85785
2018 291  0.524959     3.04366   299.69803
2018 292  0.507721     2.94936   301.66101
2018 293  0.489972     2.84450   303.76379
2018 294  0.471699     2.72736   306.02670
2018 295  0.452892     2.59585   308.47433
2018 296  0.433540     2.44741   311.13678
2018 297  0.413637     2.27884   314.05118
2018 298  0.393185     2.08616   317.26389
2018 299  0.372191     1.86438   320.83337
2018 300  0.350682     1.60716   324.83441
2018 301  0.328703     1.30653   329.36365
2018 302  0.306340     0.95247   334.54736
2018 303  0.283732     0.53271   340.55188
2018 304  0.261113     0.03305   347.59668
2018 305  0.238858    -0.56070   355.96765
2018 306  0.217566    -1.25681     6.02233
2018 307  0.198159    -2.04344    18.16128
2018 308  0.181972    -2.86236    32.71187
2018 309  0.170694    -3.58099    49.65980
2018 310  0.165961    -4.01068    68.29652
2018 311  0.168608    -4.01820    87.17844
2018 312  0.178152    -3.63754   104.73670
2018 313  0.193104    -3.02840   120.02048
2018 314  0.211729    -2.34945   132.84323
2018 315  0.232576    -1.69601   143.46729
2018 316  0.254612    -1.10779   152.29016
2018 317  0.277157    -0.59357   159.68822
2018 318  0.299782    -0.14882   165.96912
2018 319  0.322220     0.23532   171.37080
2018 320  0.344307     0.56818   176.07394
2018 321  0.365946     0.85816   180.21545
2018 322  0.387081     1.11239   183.89983
2018 323  0.407681     1.33670   187.20755
2018 324  0.427734     1.53587   190.20145
2018 325  0.447236     1.71380   192.93106
2018 326  0.466193     1.87364   195.43596
2018 327  0.484613     2.01798   197.74808
2018 328  0.502506     2.14896   199.89351
2018 329  0.519886     2.26835   201.89372
2018 330  0.536765     2.37762   203.76659
2018 331  0.553157     2.47801   205.52708
2018 332  0.569076     2.57056   207.18788
2018 333  0.584534     2.65616   208.75975
2018 334  0.599543     2.73556   210.25197
2018 335  0.614118     2.80941   211.67249
2018 336  0.628268     2.87828   213.02823
2018 337  0.642005     2.94266   214.32523
2018 338  0.655340     3.00296   215.56880
2018 339  0.668282     3.05957   216.76361
2018 340  0.680842     3.11280   217.91380
2018 341  0.693028     3.16294   219.02303
2018 342  0.704849     3.21025   220.09456
2018 343  0.716313     3.25496   221.13138
2018 344  0.727427     3.29728   222.13609
2018 345  0.738199     3.33741   223.11113
2018 346  0.748636     3.37548   224.05861
2018 347  0.758743     3.41164   224.98050
2018 348  0.768528     3.44601   225.87860
2018 349  0.777996     3.47872   226.75455
2018 350  0.787153     3.50987   227.60982
2018 351  0.796003     3.53957   228.44582
2018 352  0.804552     3.56789   229.26376
2018 353  0.812803     3.59493   230.06487
2018 354  0.820763     3.62075   230.85019
2018 355  0.828434     3.64543   231.62074
2018 356  0.835821     3.66902   232.37746
2018 357  0.842928     3.69158   233.12119
2018 358  0.849757     3.71317   233.85277
2018 359  0.856313     3.73384   234.57295
2018 360  0.862598     3.75361   235.28244
2018 361  0.868615     3.77255   235.98190
2018 362  0.874368     3.79068   236.67200
2018 363  0.879859     3.80805   237.35330
2018 364  0.885090     3.82467   238.02637
2018 365  0.890064     3.84059   238.69174
2019   1  0.894779     3.85584   239.35019
2019   2  0.899244     3.87042   240.00168
2019   3  0.903459     3.88437   240.64694
2019   4  0.907424     3.89771   241.28641
2019   5  0.911142     3.91046   241.92050
2019   6  0.914613     3.92264   242.54962
2019   7  0.917840     3.93426   243.17416
2019   8  0.920824     3.94534   243.79453
2019   9  0.923565     3.95590   244.41106
2019  10  0.926066     3.96594   245.02411
2019  11  0.928327     3.97549   245.63403
2019  12  0.930348     3.98454   246.24117
2019  13  0.932132     3.99312   246.84583
2019  14  0.933678     4.00122   247.44836
2019  15  0.934987     4.00886   248.04904
2019  16  0.936060     4.01604   248.64822
2019  17  0.936897     4.02277   249.24619
2019  18  0.937498     4.02905   249.84323
2019  19  0.937864     4.03490   250.43970
2019  20  0.937994     4.04030   251.03583
2019  21  0.937890     4.04527   251.63196
2019  22  0.937550     4.04980   252.22839
2019  23  0.936975     4.05390   252.82541
2019  24  0.936164     4.05757   253.42331
2019  25  0.935117     4.06080   254.02240
2019  26  0.933834     4.06360   254.62299
2019  27  0.932314     4.06596   255.22539
2019  28  0.930557     4.06787   255.82993
2019  29  0.928561     4.06934   256.43689
2019  30  0.926327     4.07036   257.04663
2019  31  0.923853     4.07092   257.65948
2019  32  0.921137     4.07101   258.27582
2019  33  0.918180     4.07064   258.89590
2019  34  0.914980     4.06978   259.52020
2019  35  0.911535     4.06842   260.14905
2019  36  0.907844     4.06656   260.78281
2019  37  0.903905     4.06419   261.42194
2019  38  0.899718     4.06128   262.06683
2019  39  0.895279     4.05782   262.71793
2019  40  0.890587     4.05380   263.37570
2019  41  0.885641     4.04919   264.04062
2019  42  0.880437     4.04398   264.71320
2019  43  0.874973     4.03813   265.39395
2019  44  0.869248     4.03164   266.08347
2019  45  0.863258     4.02446   266.78235
2019  46  0.857001     4.01656   267.49115
2019  47  0.850473     4.00793   268.21063
2019  48  0.843672     3.99851   268.94147
2019  49  0.836594     3.98827   269.68439
2019  50  0.829235     3.97717   270.44025
2019  51  0.821593     3.96515   271.20987
2019  52  0.813663     3.95217   271.99420
2019  53  0.805440     3.93817   272.79422
2019  54  0.796921     3.92309   273.61102
2019  55  0.788100     3.90686   274.44580
2019  56  0.778974     3.88939   275.29974
2019  57  0.769536     3.87061   276.17422
2019  58  0.759782     3.85042   277.07080
2019  59  0.749705     3.82873   277.99100
2019  60  0.739300     3.80540   278.93668
2019  61  0.728560     3.78032   279.90973
2019  62  0.717477     3.75334   280.91229
2019  63  0.706046     3.72430   281.94678
2019  64  0.694258     3.69301   283.01581
2019  65  0.682105     3.65928   284.12225
2019  66  0.669579     3.62287   285.26935
2019  67  0.656671     3.58351   286.46082
2019  68  0.643371     3.54091   287.70068
2019  69  0.629669     3.49472   288.99359
2019  70  0.615555     3.44455   290.34479
2019  71  0.601017     3.38994   291.76022
2019  72  0.586045     3.33035   293.24677
2019  73  0.570625     3.26518   294.81226
2019  74  0.554745     3.19369   296.46585
2019  75  0.538392     3.11502   298.21817
2019  76  0.521552     3.02816   300.08170
2019  77  0.504213     2.93188   302.07120
2019  78  0.486360     2.82473   304.20425
2019  79  0.467981     2.70491   306.50195
2019  80  0.449065     2.57025   308.98996
2019  81  0.429604     2.41806   311.69955
2019  82  0.409591     2.24502   314.66959
2019  83  0.389029     2.04695   317.94849
2019  84  0.367930     1.81861   321.59769
2019  85  0.346322     1.55337   325.69580
2019  86  0.324258     1.24286   330.34473
2019  87  0.301832     0.87662   335.67776
2019  88  0.279200     0.44193   341.87085
2019  89  0.256618    -0.07566   349.15564
2019  90  0.234499    -0.68986   357.83255
2019  91  0.213498    -1.40642     8.27179
2019  92  0.194616    -2.20675    20.87267
2019  93  0.179268    -3.01949    35.92103
2019  94  0.169182    -3.69660    53.28983
2019  95  0.165898    -4.04891    72.10712
2019  96  0.170005    -3.97105    90.83773
2019  97  0.180768    -3.53072   107.99002
2019  98  0.196588    -2.89690   122.77646
2019  99  0.215759    -2.21759   135.13063
2019 100  0.236913    -1.57528   145.36206
2019 101  0.259095    -1.00165   153.87192
2019 102  0.281684    -0.50177   161.02438
2019 103  0.304288    -0.06974   167.11253
2019 104  0.326666     0.30357   172.36176
2019 105  0.348669     0.62738   176.94287
2019 106  0.370211     0.90983   180.98555
2019 107  0.391240     1.15778   184.58885
2019 108  0.411731     1.37684   187.82933
2019 109  0.431674     1.57160   190.76682
2019 110  0.451067     1.74579   193.44864
2019 111  0.469915     1.90244   195.91267
2019 112  0.488229     2.04406   198.18959
2019 113  0.506018     2.17268   200.30441
2019 114  0.523297     2.29003   202.27786
2019 115  0.540077     2.39751   204.12717
2019 116  0.556374     2.49634   205.86681
2019 117  0.572199     2.58750   207.50903
2019 118  0.587566     2.67188   209.06432
2019 119  0.602488     2.75019   210.54161
2019 120  0.616977     2.82307   211.94867
2019 121  0.631043     2.89107   213.29222
2019 122  0.644699     2.95466   214.57816
2019 123  0.657955     3.01426   215.81165
2019 124  0.670820     3.07022   216.99724
2019 125  0.683305     3.12286   218.13895
2019 126  0.695417     3.17247   219.24040
2019 127  0.707166     3.21930   220.30479
2019 128  0.718560     3.26356   221.33499
2019 129  0.729605     3.30545   222.33360
2019 130  0.740310     3.34516   223.30295
2019 131  0.750680     3.38284   224.24516
2019 132  0.760723     3.41863   225.16217
2019 133  0.770444     3.45266   226.05571
2019 134  0.779849     3.48505   226.92740
2019 135  0.788944     3.51590   227.77872
2019 136  0.797733     3.54532   228.61099
2019 137  0.806222     3.57338   229.42549
2019 138  0.814416     3.60017   230.22336
2019 139  0.822317     3.62576   231.00565
2019 140  0.829931     3.65021   231.77336
2019 141  0.837262     3.67359   232.52740
2019 142  0.844313     3.69596   233.26865
2019 143  0.851087     3.71736   233.99788
2019 144  0.857589     3.73784   234.71587
2019 145  0.863820     3.75744   235.42329
2019 146  0.869784     3.77622   236.12085
2019 147  0.875485     3.79419   236.80911
2019 148  0.880923     3.81141   237.48872
2019 149  0.886103     3.82789   238.16022
2019 150  0.891025     3.84367   238.82411
2019 151  0.895693     3.85877   239.48093
2019 152  0.900108     3.87323   240.13113
2019 153  0.904273     3.88705   240.77521
2019 154  0.908188     3.90027   241.41356
2019 155  0.911856     3.91291   242.04663
2019 156  0.915279     3.92497   242.67480
2019 157  0.918457     3.93649   243.29849
2019 158  0.921392     3.94746   243.91805
2019 159  0.924085     3.95792   244.53384
2019 160  0.926538     3.96786   245.14624
2019 161  0.928751     3.97731   245.75558
2019 162  0.930725     3.98626   246.36218
2019 163  0.932461     3.99474   246.96640
2019 164  0.933959     4.00275   247.56851
2019 165  0.935221     4.01030   248.16888
2019 166  0.936246     4.01739   248.76779
2019 167  0.937036     4.02403   249.36554
2019 168  0.937590     4.03023   249.96246
2019 169  0.937909     4.03598   250.55881
2019 170  0.937992     4.04130   251.15494
2019 171  0.937841     4.04618   251.75110
2019 172  0.937454     4.05063   252.34760
2019 173  0.936831     4.05464   252.94476
2019 174  0.935973     4.05822   253.54288
2019 175  0.934879     4.06137   254.14224
2019 176  0.933549     4.06408   254.74316
2019 177  0.931981     4.06635   255.34598
2019 178  0.930176     4.06817   255.95096
2019 179  0.928133     4.06955   256.55847
2019 180  0.925850     4.07048   257.16879
2019 181  0.923328     4.07095   257.78229
2019 182  0.920564     4.07095   258.39935
2019 183  0.917558     4.07047   259.02026
2019 184  0.914309     4.06952   259.64542
2019 185  0.910814     4.06806   260.27521
2019 186  0.907074     4.06610   260.91003
2019 187  0.903086     4.06362   261.55026
2019 188  0.898848     4.06060   262.19635
2019 189  0.894358     4.05703   262.84875
2019 190  0.889616     4.05290   263.50790
2019 191  0.884618     4.04817   264.17432
2019 192  0.879362     4.04283   264.84845
2019 193  0.873846     4.03686   265.53094
2019 194  0.868068     4.03023   266.22226
2019 195  0.862025     4.02291   266.92307
2019 196  0.855714     4.01487   267.63397
2019 197  0.849131     4.00608   268.35565
2019 198  0.842275     3.99650   269.08884
2019 199  0.835141     3.98609   269.83429
2019 200  0.827725     3.97481   270.59283
2019 201  0.820025     3.96261   271.36530
2019 202  0.812037     3.94943   272.15268
2019 203  0.803755     3.93522   272.95599
2019 204  0.795175     3.91991   273.77628
2019 205  0.786294     3.90344   274.61478
2019 206  0.777106     3.88572   275.47272
2019 207  0.767605     3.86667   276.35150
2019 208  0.757786     3.84619   277.25266
2019 209  0.747644     3.82417   278.17783
2019 210  0.737172     3.80051   279.12878
2019 211  0.726363     3.77506   280.10757
2019 212  0.715211     3.74768   281.11636
2019 213  0.703709     3.71820   282.15753
2019 214  0.691848     3.68645   283.23380
2019 215  0.679621     3.65220   284.34811
2019 216  0.667019     3.61522   285.50381
2019 217  0.654033     3.57524   286.70462
2019 218  0.640653     3.53195   287.95474
2019 219  0.626869     3.48499   289.25888
2019 220  0.612670     3.43397   290.62244
2019 221  0.598046     3.37841   292.05157
2019 222  0.582984     3.31776   293.55325
2019 223  0.567473     3.25138   295.13562
2019 224  0.551499     3.17853   296.80811
2019 225  0.535049     3.09831   298.58167
2019 226  0.518110     3.00967   300.46921
2019 227  0.500668     2.91134   302.48599
2019 228  0.482710     2.80180   304.65027
2019 229  0.464224     2.67919   306.98395
2019 230  0.445199     2.54125   309.51367
2019 231  0.425626     2.38517   312.27219
2019 232  0.405502     2.20747   315.29996
2019 233  0.384830     2.00379   318.64783
2019 234  0.363626     1.76862   322.38025
2019 235  0.341920     1.49503   326.57996
2019 236  0.319774     1.17424   331.35443
2019 237  0.297291     0.79535   336.84464
2019 238  0.274643     0.34519   343.23648
2019 239  0.252113    -0.19083   350.77469
2019 240  0.230156    -0.82562   359.77432
2019 241  0.209487    -1.56177    10.61704
2019 242  0.191187    -2.37264    23.69550
2019 243  0.176754    -3.17252    39.24159
2019 244  0.167931    -3.79908    56.99987
2019 245  0.166128    -4.06813    75.93597
2019 246  0.171672    -3.90667    94.45351
2019 247  0.183595    -3.41304   111.16716
2019 248  0.200221    -2.76015   125.45272
2019 249  0.219888    -2.08364   137.34930
2019 250  0.241314    -1.45375   147.20241
2019 251  0.263620    -0.89506   155.41208
2019 252  0.286239    -0.40948   162.32915
2019 253  0.308814     0.00996   168.23230
2019 254  0.331127     0.37259   173.33478
2019 255  0.353043     0.68745   177.79817
2019 256  0.374485     0.96244   181.74521
2019 257  0.395408     1.20415   185.26988
2019 258  0.415790     1.41798   188.44496
2019 259  0.435622     1.60832   191.32747
2019 260  0.454905     1.77874   193.96260
2019 261  0.473645     1.93218   196.38666
2019 262  0.491852     2.07102   198.62901
2019 263  0.509538     2.19724   200.71379
2019 264  0.526716     2.31249   202.66092
2019 265  0.543398     2.41814   204.48701
2019 266  0.559599     2.51534   206.20607
2019 267  0.575331     2.60507   207.82997
2019 268  0.590608     2.68817   209.36882
2019 269  0.605442     2.76533   210.83134
2019 270  0.619844     2.83719   212.22507
2019 271  0.633828     2.90426   213.55653
2019 272  0.647402     2.96701   214.83148
2019 273  0.660579     3.02585   216.05495
2019 274  0.673367     3.08111   217.23135
2019 275  0.685776     3.13312   218.36465
2019 276  0.697815     3.18215   219.45837
2019 277  0.709491     3.22844   220.51562
2019 278  0.720814     3.27221   221.53923
2019 279  0.731791     3.31365   222.53174
2019 280  0.742427     3.35293   223.49544
2019 281  0.752731     3.39022   224.43239
2019 282  0.762709     3.42564   225.34451
2019 283  0.772366     3.45933   226.23351
2019 284  0.781708     3.49140   227.10095
2019 285  0.790741     3.52196   227.94830
2019 286  0.799470     3.55109   228.77689
2019 287  0.807899     3.57889   229.58792
2019 288  0.816033     3.60543   230.38254
2019 289  0.823877     3.63078   231.16179
2019 290  0.831433     3.65501   231.92665
2019 291  0.838707     3.67818   232.67804
2019 292  0.845702     3.70035   233.41678
2019 293  0.852422     3.72156   234.14366
2019 294  0.858868     3.74186   234.85944
2019 295  0.865046     3.76130   235.56482
2019 296  0.870957     3.77991   236.26042
2019 297  0.876604     3.79772   236.94688
2019 298  0.881990     3.81479   237.62479
2019 299  0.887118     3.83112   238.29469
2019 300  0.891989     3.84677   238.95711
2019 301  0.896606     3.86174   239.61253
2019 302  0.900970     3.87606   240.26144
2019 303  0.905085     3.88976   240.90431
2019 304  0.908950     3.90287   241.54155
2019 305  0.912569     3.91538   242.17358
2019 306  0.915942     3.92734   242.80081
2019 307  0.919071     3.93874   243.42361
2019 308  0.921957     3.94961   244.04236
2019 309  0.924602     3.95996   244.65744
2019 310  0.927006     3.96980   245.26917
2019 311  0.929171     3.97915   245.87791
2019 312  0.931097     3.98801   246.48399
2019 313  0.932785     3.99639   247.08774
2019 314  0.934235     4.00431   247.68947
2019 315  0.935449     4.01176   248.28949
2019 316  0.936427     4.01876   248.88812
2019 317  0.937169     4.02531   249.48566
2019 318  0.937676     4.03142   250.08243
2019 319  0.937947     4.03709   250.67868
2019 320  0.937983     4.04232   251.27478
2019 321  0.937784     4.04711   251.87097
2019 322  0.937350     4.05147   252.46756
2019 323  0.936680     4.05540   253.06488
2019 324  0.935774     4.05889   253.66321
2019 325  0.934633     4.06195   254.26283
2019 326  0.933254     4.06457   254.86411
2019 327  0.931639     4.06675   255.46729
2019 328  0.929786     4.06848   256.07275
2019 329  0.927694     4.06977   256.68076
2019 330  0.925363     4.07061   257.29169
2019 331  0.922792     4.07098   257.90588
2019 332  0.919980     4.07089   258.52362
2019 333  0.916925     4.07032   259.14536
2019 334  0.913626     4.06926   259.77142
2019 335  0.910082     4.06771   260.40216
2019 336  0.906292     4.06564   261.03799
2019 337  0.902253     4.06306   261.67938
2019 338  0.897964     4.05993   262.32666
2019 339  0.893424     4.05625   262.98035
2019 340  0.888630     4.05199   263.64093
2019 341  0.883580     4.04715   264.30884
2019 342  0.878272     4.04168   264.98459
2019 343  0.872703     4.03558   265.66876
2019 344  0.866872     4.02882   266.36194
2019 345  0.860774     4.02135   267.06470
2019 346  0.854408     4.01317   267.77771
2019 347  0.847770     4.00422   268.50162
2019 348  0.840857     3.99448   269.23718
2019 349  0.833666     3.98390   269.98517
2019 350  0.826193     3.97244   270.74640
2019 351  0.818435     3.96005   271.52176
2019 352  0.810387     3.94667   272.31226
2019 353  0.802045     3.93224   273.11884
2019 354  0.793404     3.91670   273.94266
2019 355  0.784460     3.89999   274.78491
2019 356  0.775208     3.88200   275.64691
2019 357  0.765643     3.86267   276.53003
2019 358  0.755758     3.84189   277.43582
2019 359  0.745547     3.81956   278.36594
2019 360  0.735005     3.79554   279.32220
2019 361  0.724342     3.77334   280.27979
2019 362  0.714127     3.76116   281.18634
2019 363  0.703518     3.74764   282.11993
2019 364  0.692503     3.73266   283.08270
2019 365  0.681073     3.71608   284.07718
2020   1  0.669217     3.69775   285.10620
2020   2  0.656923     3.67748   286.17303
2020   3  0.644178     3.65509   287.28125
2020   4  0.630970     3.63032   288.43500
2020   5  0.617285     3.60291   289.63895
2020   6  0.603108     3.57253   290.89841
2020   7  0.588420     3.53882   292.21957
2020   8  0.573206     3.50132   293.60953
2020   9  0.557446     3.45951   295.07657
2020  10  0.541119     3.41276   296.63046
2020  11  0.524203     3.36028   298.28268
2020  12  0.506674     3.30115   300.04706
2020  13  0.488504     3.23422   301.94009
2020  14  0.469668     3.15807   303.98196
2020  15  0.450135     3.07091   306.19751
2020  16  0.429874     2.97045   308.61761
2020  17  0.408852     2.85373   311.28156
2020  18  0.387038     2.71690   314.23953
2020  19  0.364401     2.55481   317.55746
2020  20  0.340917     2.36045   321.32306
2020  21  0.316575     2.12419   325.65610
2020  22  0.291390     1.83249   330.72379
2020  23  0.265429     1.46606   336.76590
2020  24  0.238856     0.99736   344.13510
2020  25  0.212029     0.38814   353.36050
2020  26  0.185688    -0.40872     5.23594
2020  27  0.161308    -1.42616    20.88192
2020  28  0.141610    -2.59351    41.50718
2020  29  0.130663    -3.56723    67.17315
2020  30  0.131932    -3.82685    94.84053
2020  31  0.144953    -3.31413   119.66776
2020  32  0.165856    -2.46776   139.26959
2020  33  0.190778    -1.63077   154.08751
2020  34  0.217285    -0.91701   165.36940
2020  35  0.244089    -0.33346   174.17749
2020  36  0.270548     0.14143   181.24873
2020  37  0.296353     0.53125   187.07260
2020  38  0.321363     0.85533   191.97606
2020  39  0.345526     1.12840   196.18242
2020  40  0.368833     1.36142   199.84816
2020  41  0.391298     1.56259   203.08577
2020  42  0.412948     1.73808   205.97813
2020  43  0.433812     1.89260   208.58757
2020  44  0.453922     2.02976   210.96191
2020  45  0.473312     2.15244   213.13850
2020  46  0.492011     2.26286   215.14696
2020  47  0.510050     2.36286   217.01103
2020  48  0.527454     2.45389   218.75012
2020  49  0.544251     2.53714   220.38017
2020  50  0.560464     2.61363   221.91441
2020  51  0.576114     2.68417   223.36398
2020  52  0.591223     2.74945   224.73830
2020  53  0.605809     2.81007   226.04541
2020  54  0.619889     2.86653   227.29221
2020  55  0.633480     2.91925   228.48466
2020  56  0.646596     2.96861   229.62798
2020  57  0.659252     3.01493   230.72670
2020  58  0.671461     3.05849   231.78482
2020  59  0.683234     3.09954   232.80589
2020  60  0.694583     3.13828   233.79306
2020  61  0.705518     3.17492   234.74911
2020  62  0.716049     3.20961   235.67657
2020  63  0.726186     3.24251   236.57770
2020  64  0.735935     3.27376   237.45453
2020  65  0.745306     3.30346   238.30891
2020  66  0.754306     3.33174   239.14255
2020  67  0.762942     3.35869   239.95697
2020  68  0.771219     3.38439   240.75356
2020  69  0.779146     3.40892   241.53363
2020  70  0.786725     3.43236   242.29837
2020  71  0.793965     3.45476   243.04886
2020  72  0.800868     3.47620   243.78615
2020  73  0.807440     3.49672   244.51117
2020  74  0.813686     3.51637   245.22478
2020  75  0.819608     3.53519   245.92783
2020  76  0.825212     3.55324   246.62109
2020  77  0.830499     3.57053   247.30530
2020  78  0.835475     3.58712   247.98112
2020  79  0.840141     3.60303   248.64920
2020  80  0.844501     3.61828   249.31018
2020  81  0.848557     3.63291   249.96461
2020  82  0.852311     3.64695   250.61308
2020  83  0.855766     3.66040   251.25610
2020  84  0.858924     3.67329   251.89420
2020  85  0.861786     3.68565   252.52783
2020  86  0.864354     3.69748   253.15752
2020  87  0.866629     3.70881   253.78369
2020  88  0.868613     3.71964   254.40683
2020  89  0.870307     3.72999   255.02734
2020  90  0.871712     3.73986   255.64566
2020  91  0.872828     3.74928   256.26221
2020  92  0.873656     3.75825   256.87738
2020  93  0.874197     3.76677   257.49161
2020  94  0.874451     3.77485   258.10529
2020  95  0.874417     3.78250   258.71884
2020  96  0.874096     3.78971   259.33264
2020  97  0.873489     3.79650   259.94711
2020  98  0.872593     3.80287   260.56265
2020  99  0.871410     3.80881   261.17966
2020 100  0.869938     3.81433   261.79855
2020 101  0.868176     3.81942   262.41977
2020 102  0.866124     3.82409   263.04373
2020 103  0.863781     3.82832   263.67087
2020 104  0.861144     3.83212   264.30164
2020 105  0.858213     3.83547   264.93652
2020 106  0.854986     3.83837   265.57596
2020 107  0.851461     3.84081   266.22046
2020 108  0.847636     3.84279   266.87057
2020 109  0.843509     3.84428   267.52682
2020 110  0.839077     3.84527   268.18976
2020 111  0.834338     3.84576   268.85999
2020 112  0.829289     3.84572   269.53812
2020 113  0.823927     3.84513   270.22482
2020 114  0.818248     3.84397   270.92078
2020 115  0.812249     3.84221   271.62674
2020 116  0.805927     3.83984   272.34351
2020 117  0.799276     3.83681   273.07190
2020 118  0.792293     3.83309   273.81281
2020 119  0.784973     3.82865   274.56720
2020 120  0.777311     3.82345   275.33612
2020 121  0.769301     3.81743   276.12073
2020 122  0.760938     3.81054   276.92218
2020 123  0.752215     3.80273   277.74182
2020 124  0.743127     3.79393   278.58109
2020 125  0.733665     3.78406   279.44153
2020 126  0.723822     3.77304   280.32495
2020 127  0.713591     3.76078   281.23315
2020 128  0.702962     3.74718   282.16827
2020 129  0.691927     3.73210   283.13266
2020 130  0.680475     3.71542   284.12888
2020 131  0.668597     3.69698   285.15979
2020 132  0.656279     3.67660   286.22870
2020 133  0.643511     3.65407   287.33917
2020 134  0.630279     3.62916   288.49542
2020 135  0.616568     3.60159   289.70209
2020 136  0.602364     3.57103   290.96460
2020 137  0.587650     3.53712   292.28912
2020 138  0.572407     3.49939   293.68286
2020 139  0.556618     3.45732   295.15417
2020 140  0.540261     3.41027   296.71283
2020 141  0.523313     3.35746   298.37051
2020 142  0.505751     3.29796   300.14105
2020 143  0.487548     3.23059   302.04123
2020 144  0.468676     3.15392   304.09140
2020 145  0.449106     3.06614   306.31665
2020 146  0.428806     2.96492   308.74829
2020 147  0.407744     2.84728   311.42603
2020 148  0.385888     2.70929   314.40082
2020 149  0.363207     2.54572   317.73947
2020 150  0.339678     2.34946   321.53110
2020 151  0.315292     2.11072   325.89749
2020 152  0.290064     1.81569   331.00888
2020 153  0.264066     1.44473   337.10977
2020 154  0.237467     0.96980   344.56018
2020 155  0.210642     0.35206   353.90057
2020 156  0.184358    -0.45576     5.94111
2020 157  0.160139    -1.48432    21.81780
2020 158  0.140785    -2.65314    42.72271
2020 159  0.130408    -3.60185    68.59940
2020 160  0.132339    -3.81649    96.23466
2020 161  0.145878    -3.27434   120.81879
2020 162  0.167074    -2.42232   140.14755
2020 163  0.192127    -1.59033   154.75127
2020 164  0.218675    -0.88360   165.88167
2020 165  0.245473    -0.30629   174.58403
2020 166  0.271904     0.16364   181.58017
2020 167  0.297671     0.54960   187.34924
2020 168  0.322638     0.87071   192.21169
2020 169  0.346757     1.14145   196.38652
2020 170  0.370020     1.37264   200.02750
2020 171  0.392443     1.57234   203.24530
2020 172  0.414051     1.74663   206.12154
2020 173  0.434875     1.90016   208.71764
2020 174  0.454948     2.03650   211.08083
2020 175  0.474301     2.15849   213.24797
2020 176  0.492966     2.26833   215.24835
2020 177  0.510971     2.36782   217.10547
2020 178  0.528344     2.45841   218.83849
2020 179  0.545110     2.54130   220.46321
2020 180  0.561293     2.61745   221.99277
2020 181  0.576915     2.68770   223.43819
2020 182  0.591997     2.75272   224.80879
2020 183  0.606556     2.81311   226.11258
2020 184  0.620611     2.86936   227.35637
2020 185  0.634177     2.92190   228.54613
2020 186  0.647270     2.97110   229.68698
2020 187  0.659903     3.01726   230.78345
2020 188  0.672089     3.06069   231.83952
2020 189  0.683841     3.10160   232.85870
2020 190  0.695169     3.14023   233.84410
2020 191  0.706084     3.17676   234.79852
2020 192  0.716596     3.21135   235.72441
2020 193  0.726718     3.24415   236.62376
2020 194  0.735102     3.27198   237.39822
2020 195  0.742813     3.29819   238.14200
2020 196  0.750109     3.32334   238.87102
2020 197  0.756998     3.34750   239.58644
2020 198  0.763486     3.37073   240.28938
2020 199  0.769579     3.39308   240.98088
2020 200  0.775283     3.41461   241.66190
2020 201  0.780603     3.43537   242.33331
2020 202  0.785542     3.45539   242.99599
2020 203  0.790106     3.47470   243.65070
2020 204  0.794297     3.49335   244.29820
2020 205  0.798119     3.51137   244.93924
2020 206  0.801576     3.52880   245.57449
2020 207  0.804670     3.54567   246.20459
2020 208  0.807403     3.56198   246.83017
2020 209  0.809777     3.57778   247.45181
2020 210  0.811796     3.59307   248.07013
2020 211  0.813459     3.60788   248.68567
2020 212  0.814768     3.62222   249.29898
2020 213  0.815724     3.63611   249.91060
2020 214  0.816328     3.64956   250.52107
2020 215  0.816580     3.66258   251.13092
2020 216  0.816481     3.67519   251.74068
2020 217  0.816031     3.68739   252.35086
2020 218  0.815228     3.69919   252.96199
2020 219  0.814073     3.71060   253.57462
2020 220  0.812564     3.72162   254.18927
2020 221  0.810701     3.73226   254.80647
2020 222  0.808482     3.74252   255.42682
2020 223  0.805906     3.75239   256.05087
2020 224  0.802969     3.76189   256.67920
2020 225  0.799671     3.77100   257.31247
2020 226  0.796008     3.77973   257.95129
2020 227  0.791978     3.78807   258.59631
2020 228  0.787577     3.79601   259.24826
2020 229  0.782802     3.80354   259.90784
2020 230  0.777648     3.81066   260.57587
2020 231  0.772112     3.81735   261.25317
2020 232  0.766189     3.82360   261.94058
2020 233  0.759873     3.82938   262.63910
2020 234  0.753159     3.83469   263.34967
2020 235  0.746041     3.83948   264.07346
2020 236  0.738512     3.84375   264.81158
2020 237  0.730566     3.84744   265.56537
2020 238  0.722193     3.85054   266.33618
2020 239  0.713387     3.85299   267.12555
2020 240  0.704137     3.85474   267.93518
2020 241  0.694434     3.85574   268.76688
2020 242  0.684267     3.85593   269.62274
2020 243  0.673625     3.85522   270.50504
2020 244  0.662495     3.85354   271.41632
2020 245  0.650863     3.85077   272.35947
2020 246  0.638715     3.84680   273.33771
2020 247  0.626033     3.84149   274.35474
2020 248  0.612802     3.83467   275.41473
2020 249  0.599000     3.82614   276.52255
2020 250  0.584606     3.81568   277.68378
2020 251  0.569598     3.80298   278.90485
2020 252  0.553949     3.78772   280.19348
2020 253  0.537631     3.76946   281.55865
2020 254  0.520612     3.74769   283.01114
2020 255  0.502856     3.72177   284.56396
2020 256  0.484324     3.69086   286.23300
2020 257  0.464972     3.65392   288.03781
2020 258  0.444749     3.60959   290.00299
2020 259  0.423601     3.55605   292.15979
2020 260  0.401463     3.49088   294.54871
2020 261  0.378263     3.41073   297.22339
2020 262  0.353922     3.31086   300.25659
2020 263  0.328350     3.18436   303.74976
2020 264  0.301451     3.02084   307.84943
2020 265  0.273128     2.80394   312.77560
2020 266  0.243308     2.50676   318.87558
2020 267  0.211990     2.08266   326.72992
2020 268  0.179404     1.44664   337.37729
2020 269  0.146464     0.44265   352.80005
2020 270  0.116134    -1.15410    16.77311
2020 271  0.096562    -3.14307    53.94040
2020 272  0.099393    -3.81059    98.19270
2020 273  0.122485    -2.82637   132.28783
2020 274  0.153854    -1.66047   153.90860
2020 275  0.186843    -0.76204   168.00064
2020 276  0.219167    -0.10127   177.87944
2020 277  0.250138     0.39530   185.25735
2020 278  0.279602     0.78041   191.04170
2020 279  0.307583     1.08795   195.74710
2020 280  0.334165     1.33976   199.68539
2020 281  0.359442     1.55028   203.05644
2020 282  0.383511     1.72937   205.99452
2020 283  0.406458     1.88399   208.59337
2020 284  0.428362     2.01916   210.92062
2020 285  0.449293     2.13858   213.02641
2020 286  0.469311     2.24506   214.94884
2020 287  0.488471     2.34079   216.71736
2020 288  0.506822     2.42744   218.35524
2020 289  0.524408     2.50638   219.88112
2020 290  0.541265     2.57869   221.31007
2020 291  0.557429     2.64525   222.65456
2020 292  0.572931     2.70680   223.92488
2020 293  0.587799     2.76395   225.12970
2020 294  0.602057     2.81720   226.27635
2020 295  0.615730     2.86698   227.37109
2020 296  0.628837     2.91366   228.41931
2020 297  0.641398     2.95756   229.42567
2020 298  0.653430     2.99895   230.39424
2020 299  0.664950     3.03806   231.32858
2020 300  0.675971     3.07510   232.23183
2020 301  0.686507     3.11025   233.10678
2020 302  0.696570     3.14367   233.95590
2020 303  0.706173     3.17550   234.78145
2020 304  0.715324     3.20586   235.58539
2020 305  0.724035     3.23487   236.36957
2020 306  0.732314     3.26262   237.13557
2020 307  0.740169     3.28920   237.88493
2020 308  0.747608     3.31469   238.61902
2020 309  0.754637     3.33917   239.33905
2020 310  0.761264     3.36270   240.04620
2020 311  0.767495     3.38533   240.74155
2020 312  0.773334     3.40713   241.42606
2020 313  0.778787     3.42813   242.10068
2020 314  0.783858     3.44839   242.76630
2020 315  0.788552     3.46794   243.42368
2020 316  0.792873     3.48683   244.07361
2020 317  0.796824     3.50507   244.71683
2020 318  0.800408     3.52271   245.35400
2020 319  0.803629     3.53977   245.98581
2020 320  0.806488     3.55628   246.61288
2020 321  0.808988     3.57225   247.23584
2020 322  0.811130     3.58772   247.85522
2020 323  0.812917     3.60270   248.47165
2020 324  0.814350     3.61721   249.08566
2020 325  0.815430     3.63126   249.69780
2020 326  0.816157     3.64486   250.30859
2020 327  0.816532     3.65804   250.91859
2020 328  0.816556     3.67079   251.52831
2020 329  0.816229     3.68314   252.13826
2020 330  0.815549     3.69508   252.74899
2020 331  0.814518     3.70663   253.36101
2020 332  0.813133     3.71779   253.97485
2020 333  0.811394     3.72856   254.59109
2020 334  0.809300     3.73895   255.21027
2020 335  0.806848     3.74897   255.83295
2020 336  0.804038     3.75860   256.45972
2020 337  0.800867     3.76785   257.09116
2020 338  0.797332     3.77671   257.72794
2020 339  0.793430     3.78519   258.37070
2020 340  0.789159     3.79327   259.02011
2020 341  0.784515     3.80095   259.67694
2020 342  0.779495     3.80822   260.34189
2020 343  0.774093     3.81506   261.01584
2020 344  0.768305     3.82147   261.69958
2020 345  0.762128     3.82742   262.39410
2020 346  0.755554     3.83289   263.10031
2020 347  0.748577     3.83787   263.81934
2020 348  0.741193     3.84233   264.55231
2020 349  0.733393     3.84623   265.30045
2020 350  0.725171     3.84954   266.06512
2020 351  0.716517     3.85222   266.84778
2020 352  0.707423     3.85423   267.65012
2020 353  0.697880     3.85550   268.47388
2020 354  0.687876     3.85598   269.32101
2020 355  0.677402     3.85560   270.19379
2020 356  0.666444     3.85427   271.09460
2020 357  0.654989     3.85189   272.02625
2020 358  0.643023     3.84836   272.99179
2020 359  0.630530     3.84354   273.99481
2020 360  0.617492     3.83727   275.03925
2020 361  0.603892     3.82936   276.12973
2020 362  0.589708     3.81960   277.27155
2020 363  0.574917     3.80773   278.47089
2020 364  0.559496     3.79341   279.73492
2020 365  0.543415     3.77625   281.07217
2020 366  0.526644     3.75578   282.49277
2021   1  0.509150     3.73139   284.00885
2021   2  0.490894     3.70234   285.63519
2021   3  0.471834     3.66765   287.39001
2021   4  0.451921     3.62608   289.29590
2021   5  0.431103     3.57600   291.38159
2021   6  0.409319     3.51523   293.68402
2021   7  0.386499     3.44078   296.25162
2021   8  0.362566     3.34846   299.14960
2021   9  0.337435     3.23224   302.46802
2021  10  0.311010     3.08316   306.33511
2021  11  0.283195     2.88731   310.94089
2021  12  0.253903     2.62223   316.57953
2021  13  0.223099     2.24967   323.73273
2021  14  0.190902     1.70101   333.24127
2021  15  0.157899     0.84932   346.67761
2021  16  0.126079    -0.51798     7.09186
2021  17  0.101370    -2.48075    39.38290
2021  18  0.095543    -3.83327    83.15266
2021  19  0.112919    -3.24882   122.01324
2021  20  0.142497    -2.04188   147.44809
2021  21  0.175323    -1.04495   163.68245
2021  22  0.208005    -0.31007   174.77798
2021  23  0.239482     0.23670   182.89748
2021  24  0.269475     0.65611   189.16556
2021  25  0.297967     0.98778   194.20471
2021  26  0.325027     1.25711   198.38387
2021  27  0.350749     1.48075   201.93517
2021  28  0.375230     1.66991   205.01216
2021  29  0.398560     1.83243   207.72072
2021  30  0.420820     1.97391   210.13640
2021  31  0.442083     2.09847   212.31470
2021  32  0.462414     2.20920   214.29742
2021  33  0.481868     2.30847   216.11678
2021  34  0.500497     2.39813   217.79796
2021  35  0.518346     2.47962   219.36107
2021  36  0.535453     2.55414   220.82233
2021  37  0.551856     2.62262   222.19504
2021  38  0.567586     2.68585   223.49019
2021  39  0.582673     2.74447   224.71696
2021  40  0.597142     2.79902   225.88316
2021  41  0.611017     2.84997   226.99536
2021  42  0.624320     2.89770   228.05925
2021  43  0.637070     2.94253   229.07971
2021  44  0.649285     2.98477   230.06102
2021  45  0.660982     3.02465   231.00690
2021  46  0.672176     3.06239   231.92064
2021  47  0.682881     3.09819   232.80513
2021  48  0.693109     3.13219   233.66296
2021  49  0.702872     3.16456   234.49646
2021  50  0.712181     3.19542   235.30765
2021  51  0.721047     3.22488   236.09834
2021  52  0.729259     3.25245   236.85480
2021  53  0.735764     3.27640   237.53131
2021  54  0.741821     3.29950   238.19675
2021  55  0.747437     3.32182   238.85190
2021  56  0.752621     3.34339   239.49771
2021  57  0.757376     3.36426   240.13509
2021  58  0.761707     3.38448   240.76489
2021  59  0.765620     3.40407   241.38797
2021  60  0.769118     3.42309   242.00507
2021  61  0.772203     3.44155   242.61691
2021  62  0.774880     3.45948   243.22426
2021  63  0.777150     3.47692   243.82776
2021  64  0.779016     3.49389   244.42807
2021  65  0.780480     3.51040   245.02585
2021  66  0.781542     3.52648   245.62173
2021  67  0.782204     3.54214   246.21631
2021  68  0.782466     3.55741   246.81021
2021  69  0.782329     3.57229   247.40402
2021  70  0.781793     3.58680   247.99838
2021  71  0.780856     3.60095   248.59387
2021  72  0.779519     3.61476   249.19113
2021  73  0.777780     3.62822   249.79077
2021  74  0.775636     3.64136   250.39342
2021  75  0.773087     3.65417   250.99976
2021  76  0.770130     3.66665   251.61043
2021  77  0.766762     3.67882   252.22617
2021  78  0.762980     3.69068   252.84769
2021  79  0.758780     3.70221   253.47575
2021  80  0.754158     3.71344   254.11119
2021  81  0.749110     3.72434   254.75485
2021  82  0.743630     3.73492   255.40762
2021  83  0.737712     3.74516   256.07053
2021  84  0.731351     3.75507   256.74454
2021  85  0.724539     3.76462   257.43085
2021  86  0.717269     3.77381   258.13062
2021  87  0.709532     3.78261   258.84521
2021  88  0.701321     3.79101   259.57608
2021  89  0.692624     3.79897   260.32480
2021  90  0.683431     3.80647   261.09311
2021  91  0.673730     3.81347   261.88300
2021  92  0.663509     3.81992   262.69659
2021  93  0.652753     3.82577   263.53635
2021  94  0.641447     3.83097   264.40500
2021  95  0.629573     3.83542   265.30563
2021  96  0.617114     3.83906   266.24176
2021  97  0.604049     3.84175   267.21747
2021  98  0.590354     3.84339   268.23740
2021  99  0.576006     3.84379   269.30695
2021 100  0.560975     3.84278   270.43253
2021 101  0.545231     3.84011   271.62158
2021 102  0.528740     3.83546   272.88312
2021 103  0.511461     3.82847   274.22791
2021 104  0.493350     3.81865   275.66907
2021 105  0.474357     3.80536   277.22290
2021 106  0.454425     3.78777   278.90970
2021 107  0.433486     3.76478   280.75537
2021 108  0.411465     3.73486   282.79352
2021 109  0.388270     3.69589   285.06870
2021 110  0.363797     3.64483   287.64148
2021 111  0.337920     3.57712   290.59695
2021 112  0.310489     3.48575   294.05875
2021 113  0.281327     3.35928   298.21518
2021 114  0.250227     3.17798   303.36969
2021 115  0.216965     2.90507   310.04810
2021 116  0.181369     2.46501   319.25302
2021 117  0.143609     1.68398   333.14993
2021 118  0.105565     0.13321   357.11581
2021 119  0.077173    -2.68534    43.37160
2021 120  0.082523    -3.68303   105.75302
2021 121  0.115460    -2.17070   144.75578
2021 122  0.153830    -0.92648   165.17154
2021 123  0.191058    -0.10945   177.46965
2021 124  0.226006     0.45192   185.84059
2021 125  0.258656     0.86120   192.02686
2021 126  0.289207     1.17439   196.86363
2021 127  0.317879     1.42322   200.80099
2021 128  0.344873     1.62679   204.10403
2021 129  0.370357     1.79726   206.93996
2021 130  0.394473     1.94271   209.41995
2021 131  0.417342     2.06876   211.62128
2021 132  0.439064     2.17942   213.59947
2021 133  0.459725     2.27764   215.39561
2021 134  0.479400     2.36564   217.04091
2021 135  0.498151     2.44512   218.55952
2021 136  0.516036     2.51744   219.97054
2021 137  0.533101     2.58369   221.28920
2021 138  0.549391     2.64467   222.52797
2021 139  0.564942     2.70108   223.69705
2021 140  0.579790     2.75350   224.80495
2021 141  0.593963     2.80240   225.85881
2021 142  0.607490     2.84820   226.86472
2021 143  0.620394     2.89122   227.82785
2021 144  0.632697     2.93176   228.75270
2021 145  0.644420     2.97007   229.64313
2021 146  0.655581     3.00637   230.50253
2021 147  0.666196     3.04083   231.33392
2021 148  0.676281     3.07363   232.13989
2021 149  0.685848     3.10491   232.92285
2021 150  0.694911     3.13480   233.68484
2021 151  0.703482     3.16340   234.42780
2021 152  0.711569     3.19082   235.15338
2021 153  0.719185     3.21715   235.86317
2021 154  0.726336     3.24247   236.55858
2021 155  0.733031     3.26684   237.24088
2021 156  0.739277     3.29034   237.91125
2021 157  0.745082     3.31302   238.57083
2021 158  0.750451     3.33494   239.22063
2021 159  0.755390     3.35613   239.86157
2021 160  0.759903     3.37665   240.49458
2021 161  0.763996     3.39654   241.12048
2021 162  0.767672     3.41582   241.74008
2021 163  0.770935     3.43454   242.35413
2021 164  0.773787     3.45273   242.96332
2021 165  0.776233     3.47040   243.56841
2021 166  0.778273     3.48759   244.17001
2021 167  0.779910     3.50431   244.76881
2021 168  0.781145     3.52060   245.36543
2021 169  0.781980     3.53646   245.96049
2021 170  0.782415     3.55192   246.55461
2021 171  0.782450     3.56699   247.14838
2021 172  0.782086     3.58168   247.74243
2021 173  0.781322     3.59601   248.33736
2021 174  0.780158     3.60998   248.93376
2021 175  0.778593     3.62361   249.53229
2021 176  0.776624     3.63691   250.13354
2021 177  0.774251     3.64988   250.73819
2021 178  0.771470     3.66253   251.34689
2021 179  0.768280     3.67485   251.96036
2021 180  0.764678     3.68687   252.57927
2021 181  0.760659     3.69856   253.20441
2021 182  0.756220     3.70994   253.83655
2021 183  0.751356     3.72100   254.47653
2021 184  0.746063     3.73175   255.12524
2021 185  0.740335     3.74216   255.78363
2021 186  0.734167     3.75224   256.45270
2021 187  0.727550     3.76197   257.13351
2021 188  0.720479     3.77134   257.82730
2021 189  0.712946     3.78033   258.53531
2021 190  0.704941     3.78893   259.25894
2021 191  0.696455     3.79710   259.99969
2021 192  0.687478     3.80483   260.75931
2021 193  0.677999     3.81207   261.53958
2021 194  0.668004     3.81879   262.34262
2021 195  0.657481     3.82493   263.17075
2021 196  0.646415     3.83045   264.02652
2021 197  0.634789     3.83526   264.91287
2021 198  0.622586     3.83929   265.83319
2021 199  0.609786     3.84243   266.79120
2021 200  0.596366     3.84457   267.79135
2021 201  0.582304     3.84556   268.83868
2021 202  0.567572     3.84521   269.93915
2021 203  0.552142     3.84332   271.09973
2021 204  0.535978     3.83960   272.32864
2021 205  0.519045     3.83372   273.63593
2021 206  0.501300     3.82522   275.03357
2021 207  0.482696     3.81355   276.53638
2021 208  0.463178     3.79798   278.16275
2021 209  0.442684     3.77752   279.93600
2021 210  0.421142     3.75086   281.88605
2021 211  0.398467     3.71616   284.05222
2021 212  0.374562     3.67083   286.48737
2021 213  0.349309     3.61106   289.26459
2021 214  0.322571     3.53106   292.48856
2021 215  0.294182     3.42164   296.31525
2021 216  0.263949     3.26735   300.98950
2021 217  0.231650     3.04039   306.92154
2021 218  0.197077     2.68614   314.85928
2021 219  0.160181     2.08513   326.32758
2021 220  0.121773     0.94620   344.89948
2021 221  0.086883    -1.35210    19.67935
2021 222  0.075167    -3.79702    79.99225
2021 223  0.099674    -2.86193   131.07443
2021 224  0.137188    -1.40396   157.73933
2021 225  0.175193    -0.42501   172.78702
2021 226  0.211161     0.23068   182.55650
2021 227  0.244787     0.69710   189.55128
2021 228  0.276219     1.04715   194.90129
2021 229  0.305679     1.32111   199.18755
2021 230  0.333377     1.54261   202.74033
2021 231  0.359496     1.72635   205.76225
2021 232  0.384188     1.88193   208.38528
2021 233  0.407584     2.01590   210.69942
2021 234  0.429792     2.13290   212.76846
2021 235  0.450903     2.23627   214.63910
2021 236  0.470996     2.32853   216.34641
2021 237  0.490141     2.41158   217.91727
2021 238  0.508394     2.48691   219.37280
2021 239  0.525809     2.55569   220.72977
2021 240  0.542429     2.61886   222.00177
2021 241  0.558296     2.67718   223.19987
2021 242  0.573444     2.73126   224.33331
2021 243  0.587906     2.78164   225.40976
2021 244  0.601710     2.82873   226.43575
2021 245  0.614880     2.87292   227.41681
2021 246  0.627441     2.91450   228.35773
2021 247  0.639413     2.95375   229.26260
2021 248  0.650816     2.99089   230.13506
2021 249  0.661665     3.02613   230.97823
2021 250  0.671977     3.05963   231.79491
2021 251  0.681767     3.09156   232.58755
2021 252  0.691047     3.12203   233.35837
2021 253  0.699829     3.15118   234.10934
2021 254  0.708125     3.17910   234.84225
2021 255  0.715943     3.20590   235.55872
2021 256  0.723294     3.23164   236.26018
2021 257  0.730186     3.25642   236.94800
2021 258  0.736625     3.28029   237.62340
2021 259  0.742621     3.30332   238.28754
2021 260  0.748178     3.32556   238.94144
2021 261  0.753302     3.34706   239.58609
2021 262  0.757999     3.36787   240.22244
2021 263  0.762273     3.38803   240.85132
2021 264  0.766129     3.40757   241.47354
2021 265  0.769570     3.42653   242.08989
2021 266  0.772600     3.44494   242.70111
2021 267  0.775221     3.46283   243.30789
2021 268  0.777436     3.48023   243.91092
2021 269  0.779247     3.49715   244.51086
2021 270  0.780656     3.51363   245.10834
2021 271  0.781664     3.52967   245.70401
2021 272  0.782271     3.54531   246.29846
2021 273  0.782479     3.56054   246.89230
2021 274  0.782288     3.57540   247.48615
2021 275  0.781697     3.58988   248.08061
2021 276  0.780706     3.60401   248.67630
2021 277  0.779315     3.61779   249.27382
2021 278  0.777520     3.63123   249.87381
2021 279  0.775322     3.64434   250.47690
2021 280  0.772718     3.65713   251.08376
2021 281  0.769705     3.66960   251.69505
2021 282  0.766281     3.68174   252.31149
2021 283  0.762443     3.69358   252.93382
2021 284  0.758185     3.70510   253.56281
2021 285  0.753506     3.71630   254.19925
2021 286  0.748398     3.72718   254.84402
2021 287  0.742859     3.73773   255.49802
2021 288  0.736880     3.74796   256.16220
2021 289  0.730456     3.75784   256.83749
2021 290  0.724394     3.76697   257.48776
2021 291  0.718427     3.77559   258.12860
2021 292  0.711978     3.78387   258.78079
2021 293  0.705040     3.79181   259.44543
2021 294  0.697603     3.79938   260.12378
2021 295  0.689658     3.80658   260.81732
2021 296  0.681193     3.81337   261.52753
2021 297  0.672198     3.81973   262.25626
2021 298  0.662659     3.82563   263.00534
2021 299  0.652562     3.83103   263.77698
2021 300  0.641892     3.83587   264.57361
2021 301  0.630632     3.84010   265.39795
2021 302  0.618762     3.84365   266.25308
2021 303  0.606262     3.84644   267.14258
2021 304  0.593109     3.84837   268.07059
2021 305  0.579276     3.84931   269.04181
2021 306  0.564734     3.84910   270.06180
2021 307  0.549453     3.84757   271.13715
2021 308  0.533394     3.84448   272.27563
2021 309  0.516518     3.83953   273.48669
2021 310  0.498777     3.83234   274.78177
2021 311  0.480119     3.82243   276.17493
2021 312  0.460481     3.80915   277.68390
2021 313  0.439793     3.79165   279.33105
2021 314  0.417971     3.76876   281.14557
2021 315  0.394916     3.73883   283.16602
2021 316  0.370511     3.69951   285.44489
2021 317  0.344611     3.64729   288.05585
2021 318  0.317042     3.57671   291.10623
2021 319  0.287585     3.47886   294.76004
2021 320  0.255964     3.33821   299.28314
2021 321  0.221835     3.12525   305.14206
2021 322  0.184789     2.77726   313.24786
2021 323  0.144482     2.13848   325.67368
2021 324  0.101621     0.74177   348.28784
2021 325  0.065640    -2.52617    40.35392
2021 326  0.073878    -3.31528   119.96195
2021 327  0.114402    -1.27629   160.04547
2021 328  0.156751    -0.05779   178.52296
2021 329  0.196058     0.66403   189.30051
2021 330  0.232180     1.14000   196.58412
2021 331  0.265514     1.48029   201.96713
2021 332  0.296453     1.73793   206.18594
2021 333  0.325318     1.94135   209.63100
2021 334  0.352366     2.10712   212.53059
2021 335  0.377802     2.24557   215.02821
2021 336  0.401791     2.36351   217.21922
2021 337  0.424467     2.46559   219.16983
2021 338  0.445942     2.55513   220.92769
2021 339  0.466309     2.63455   222.52811
2021 340  0.485650     2.70568   223.99789
2021 341  0.504030     2.76990   225.35789
2021 342  0.521510     2.82831   226.62454
2021 343  0.538140     2.88177   227.81105
2021 344  0.553965     2.93096   228.92816
2021 345  0.569025     2.97647   229.98476
2021 346  0.583355     3.01875   230.98820
2021 347  0.596986     3.05818   231.94475
2021 348  0.609945     3.09511   232.85965
2021 349  0.622258     3.12979   233.73749
2021 350  0.633948     3.16247   234.58214
2021 351  0.645034     3.19335   235.39702
2021 352  0.655534     3.22259   236.18512
2021 353  0.665467     3.25036   236.94907
2021 354  0.674846     3.27678   237.69121
2021 355  0.683685     3.30197   238.41360
2021 356  0.691998     3.32603   239.11813
2021 357  0.699794     3.34906   239.80649
2021 358  0.707086     3.37112   240.48016
2021 359  0.713881     3.39230   241.14061
2021 360  0.720188     3.41266   241.78906
2021 361  0.726016     3.43225   242.42670
2021 362  0.731371     3.45112   243.05460
2021 363  0.736259     3.46933   243.67380
2021 364  0.740686     3.48692   244.28525
2021 365  0.744657     3.50391   244.88982
2022   1  0.748173     3.52036   245.48859
2022   2  0.751245     3.53628   246.08191
2022   3  0.753872     3.55170   246.67075
2022   4  0.756058     3.56666   247.25586
2022   5  0.757804     3.58117   247.83795
2022   6  0.759112     3.59526   248.41772
2022   7  0.759985     3.60894   248.99585
2022   8  0.760422     3.62223   249.57300
2022   9  0.760425     3.63515   250.14984
2022  10  0.759993     3.64770   250.72701
2022  11  0.759125     3.65991   251.30518
2022  12  0.757822     3.67178   251.88504
2022  13  0.756081     3.68332   252.46722
2022  14  0.753900     3.69454   253.05247
2022  15  0.751278     3.70544   253.64148
2022  16  0.748212     3.71603   254.23495
2022  17  0.744698     3.72631   254.83371
2022  18  0.740732     3.73629   255.43851
2022  19  0.736310     3.74595   256.05023
2022  20  0.731426     3.75530   256.66974
2022  21  0.726077     3.76434   257.29797
2022  22  0.720254     3.77306   257.93597
2022  23  0.713951     3.78144   258.58484
2022  24  0.707161     3.78948   259.24570
2022  25  0.699874     3.79717   259.91986
2022  26  0.692082     3.80449   260.60873
2022  27  0.683775     3.81140   261.31384
2022  28  0.674940     3.81790   262.03687
2022  29  0.665565     3.82394   262.77966
2022  30  0.655637     3.82949   263.54437
2022  31  0.645140     3.83451   264.33325
2022  32  0.634059     3.83893   265.14899
2022  33  0.622373     3.84269   265.99460
2022  34  0.610064     3.84572   266.87344
2022  35  0.597109     3.84792   267.78946
2022  36  0.583482     3.84917   268.74722
2022  37  0.569156     3.84933   269.75198
2022  38  0.554099     3.84822   270.81003
2022  39  0.538277     3.84562   271.92874
2022  40  0.521650     3.84126   273.11700
2022  41  0.504173     3.83479   274.38562
2022  42  0.485795     3.82575   275.74780
2022  43  0.466457     3.81356   277.22003
2022  44  0.446092     3.79743   278.82315
2022  45  0.424618     3.77630   280.58408
2022  46  0.401944     3.74868   282.53818
2022  47  0.377956     3.71248   284.73322
2022  48  0.352520     3.66458   287.23547
2022  49  0.325471     3.60023   290.14044
2022  50  0.296604     3.51178   293.59183
2022  51  0.265662     3.38617   297.81808
2022  52  0.232324     3.19931   303.20969
2022  53  0.196194     2.90182   310.50250
2022  54  0.156876     2.37728   321.28641
2022  55  0.114509     1.29526   339.74805
2022  56  0.073940    -1.33762    19.68919
2022  57  0.065602    -3.79309    99.21067
2022  58  0.101522    -1.80319   151.48647
2022  59  0.144360    -0.35260   174.13582
2022  60  0.184653     0.48149   186.55832
2022  61  0.221691     1.01533   194.65511
2022  62  0.255815     1.38894   200.50510
2022  63  0.287432     1.66754   205.02042
2022  64  0.316887     1.88505   208.66756
2022  65  0.344455     2.06078   211.71228
2022  66  0.370354     2.20657   214.31839
2022  67  0.394760     2.33008   216.59306
2022  68  0.417815     2.43650   218.60986
2022  69  0.439638     2.52951   220.42117
2022  70  0.460328     2.61174   222.06552
2022  71  0.479968     2.68518   223.57196
2022  72  0.498629     2.75135   224.96289
2022  73  0.516372     2.81139   226.25595
2022  74  0.533252     2.86625   227.46519
2022  75  0.549314     2.91665   228.60207
2022  76  0.564599     2.96321   229.67592
2022  77  0.579144     3.00641   230.69456
2022  78  0.592981     3.04666   231.66455
2022  79  0.606138     3.08430   232.59140
2022  80  0.618643     3.11963   233.47989
2022  81  0.630517     3.15289   234.33408
2022  82  0.641781     3.18428   235.15753
2022  83  0.652456     3.21400   235.95334
2022  84  0.662557     3.24219   236.72426
2022  85  0.672100     3.26900   237.47269
2022  86  0.681100     3.29455   238.20078
2022  87  0.689569     3.31893   238.91046
2022  88  0.697519     3.34226   239.60349
2022  89  0.704961     3.36460   240.28140
2022  90  0.711904     3.38604   240.94565
2022  91  0.718357     3.40664   241.59756
2022  92  0.724328     3.42645   242.23831
2022  93  0.729824     3.44553   242.86902
2022  94  0.734851     3.46394   243.49071
2022  95  0.739416     3.48170   244.10437
2022  96  0.743523     3.49887   244.71091
2022  97  0.747178     3.51548   245.31116
2022  98  0.750383     3.53155   245.90593
2022  99  0.753143     3.54712   246.49603
2022 100  0.755461     3.56221   247.08217
2022 101  0.757339     3.57686   247.66510
2022 102  0.758779     3.59107   248.24548
2022 103  0.759782     3.60487   248.82402
2022 104  0.760350     3.61827   249.40140
2022 105  0.760483     3.63130   249.97824
2022 106  0.760181     3.64396   250.55524
2022 107  0.759445     3.65627   251.13303
2022 108  0.758272     3.66824   251.71230
2022 109  0.756663     3.67988   252.29370
2022 110  0.754615     3.69119   252.87796
2022 111  0.752126     3.70219   253.46574
2022 112  0.749193     3.71287   254.05780
2022 113  0.745814     3.72324   254.65488
2022 114  0.741984     3.73331   255.25778
2022 115  0.737699     3.74306   255.86731
2022 116  0.732955     3.75251   256.48438
2022 117  0.727746     3.76164   257.10986
2022 118  0.722066     3.77045   257.74481
2022 119  0.715909     3.77894   258.39029
2022 120  0.709266     3.78709   259.04742
2022 121  0.702130     3.79488   259.71747
2022 122  0.694491     3.80231   260.40173
2022 123  0.686339     3.80935   261.10181
2022 124  0.677664     3.81597   261.81921
2022 125  0.668453     3.82215   262.55588
2022 126  0.658693     3.82786   263.31375
2022 127  0.648370     3.83304   264.09509
2022 128  0.637466     3.83764   264.90247
2022 129  0.625964     3.84161   265.73871
2022 130  0.613845     3.84487   266.60718
2022 131  0.601087     3.84733   267.51157
2022 132  0.587665     3.84887   268.45624
2022 133  0.573552     3.84938   269.44623
2022 134  0.558719     3.84867   270.48752
2022 135  0.543132     3.84654   271.58710
2022 136  0.526752     3.84274   272.75339
2022 137  0.509536     3.83695   273.99652
2022 138  0.491435     3.82874   275.32898
2022 139  0.472393     3.81757   276.76605
2022 140  0.452345     3.80272   278.32727
2022 141  0.431215     3.78323   280.03735
2022 142  0.408913     3.75775   281.92892
2022 143  0.385334     3.72440   284.04538
2022 144  0.360350     3.68043   286.44662
2022 145  0.333807     3.62167   289.21783
2022 146  0.305512     3.54153   292.48538
2022 147  0.275227     3.42899   296.44656
2022 148  0.242650     3.26419   301.43073
2022 149  0.207407     3.00787   308.03830
2022 150  0.169083     2.57172   317.50766
2022 151  0.127518     1.71946   332.88770
2022 152  0.085031    -0.28948     3.69070
2022 153  0.061822    -3.71251    74.03819
2022 154  0.088882    -2.42629   140.35379
2022 155  0.131597    -0.70405   168.86127
2022 156  0.172851     0.27123   183.41882
2022 157  0.210848     0.87543   192.51067
2022 158  0.245805     1.28832   198.91049
2022 159  0.278138     1.59104   203.76585
2022 160  0.308213     1.82447   207.64043
2022 161  0.336325     2.01130   210.84619
2022 162  0.362707     2.16517   213.57137
2022 163  0.387547     2.29477   215.93709
2022 164  0.410997     2.40590   218.02541
2022 165  0.433180     2.50264   219.89417
2022 166  0.454203     2.58789   221.58548
2022 167  0.474151     2.66381   223.13094
2022 168  0.493101     2.73203   224.55469
2022 169  0.511115     2.79382   225.87567
2022 170  0.528250     2.85016   227.10890
2022 171  0.544553     2.90184   228.26654
2022 172  0.560069     2.94950   229.35854
2022 173  0.574833     2.99366   230.39311
2022 174  0.588880     3.03477   231.37717
2022 175  0.602240     3.07317   232.31651
2022 176  0.614938     3.10917   233.21613
2022 177  0.627000     3.14302   234.08029
2022 178  0.638446     3.17496   234.91269
2022 179  0.649297     3.20517   235.71655
2022 180  0.659569     3.23381   236.49472
2022 181  0.669279     3.26102   237.24969
2022 182  0.678441     3.28694   237.98373
2022 183  0.687069     3.31167   238.69879
2022 184  0.695174     3.33530   239.39667
2022 185  0.702768     3.35794   240.07901
2022 186  0.709860     3.37964   240.74725
2022 187  0.716460     3.40048   241.40276
2022 188  0.722575     3.42053   242.04675
2022 189  0.728213     3.43983   242.68039
2022 190  0.733382     3.45843   243.30472
2022 191  0.738085     3.47639   243.92072
2022 192  0.742330     3.49373   244.52931
2022 193  0.746120     3.51050   245.13138
2022 194  0.749461     3.52673   245.72774
2022 195  0.752355     3.54245   246.31918
2022 196  0.754806     3.55769   246.90645
2022 197  0.756816     3.57247   247.49028
2022 198  0.758387     3.58680   248.07137
2022 199  0.759522     3.60073   248.65041
2022 200  0.760221     3.61425   249.22806
2022 201  0.760485     3.62739   249.80501
2022 202  0.760314     3.64016   250.38190
2022 203  0.759709     3.65258   250.95938
2022 204  0.758668     3.66465   251.53815
2022 205  0.757190     3.67639   252.11887
2022 206  0.755274     3.68780   252.70218
2022 207  0.752918     3.69889   253.28883
2022 208  0.750120     3.70967   253.87953
2022 209  0.746875     3.72014   254.47502
2022 210  0.743182     3.73030   255.07608
2022 211  0.739035     3.74015   255.68353
2022 212  0.734429     3.74969   256.29825
2022 213  0.729361     3.75891   256.92111
2022 214  0.723824     3.76782   257.55310
2022 215  0.717811     3.77641   258.19531
2022 216  0.711315     3.78466   258.84879
2022 217  0.704328     3.79257   259.51480
2022 218  0.696842     3.80011   260.19464
2022 219  0.688846     3.80727   260.88980
2022 220  0.680330     3.81402   261.60181
2022 221  0.671282     3.82034   262.33249
2022 222  0.661689     3.82619   263.08374
2022 223  0.651536     3.83153   263.85776
2022 224  0.640809     3.83632   264.65701
2022 225  0.629489     3.84049   265.48425
2022 226  0.617558     3.84397   266.34265
2022 227  0.604995     3.84668   267.23578
2022 228  0.591776     3.84852   268.16782
2022 229  0.577874     3.84935   269.14362
2022 230  0.563261     3.84903   270.16876
2022 231  0.547905     3.84736   271.25000
2022 232  0.531768     3.84410   272.39520
2022 233  0.514808     3.83895   273.61401
2022 234  0.496980     3.83151   274.91809
2022 235  0.478228     3.82131   276.32184
2022 236  0.458490     3.80766   277.84335
2022 237  0.437694     3.78968   279.50562
2022 238  0.415755     3.76618   281.33856
2022 239  0.392573     3.73545   283.38190
2022 240  0.368027     3.69504   285.68982
2022 241  0.341972     3.64129   288.33862
2022 242  0.314227     3.56850   291.44003
2022 243  0.284570     3.46728   295.16550
2022 244  0.252719     3.32115   299.79498
2022 245  0.218322     3.09850   305.82410
2022 246  0.180966     2.73125   314.23322
2022 247  0.140339     2.04733   327.29453
2022 248  0.097426     0.52238   351.59897
2022 249  0.063805    -2.89879    48.19949
2022 250  0.077275    -3.10285   125.71470
2022 251  0.118658    -1.12249   162.45685
2022 252  0.160767     0.02927   179.82184
2022 253  0.199748     0.71906   190.13704
2022 254  0.235577     1.17815   197.18378
2022 255  0.268658     1.50852   202.42757
2022 256  0.299379     1.75984   206.55655
2022 257  0.328054     1.95896   209.93967
2022 258  0.354936     2.12166   212.79440
2022 259  0.380222     2.25785   215.25827
2022 260  0.404076     2.37406   217.42311
2022 261  0.426629     2.47478   219.35292
2022 262  0.447991     2.56323   221.09392
2022 263  0.468254     2.64177   222.68045
2022 264  0.487497     2.71217   224.13863
2022 265  0.505786     2.77578   225.48880
2022 266  0.523180     2.83367   226.74706
2022 267  0.539729     2.88668   227.92633
2022 268  0.555478     2.93550   229.03714
2022 269  0.570464     2.98067   230.08823
2022 270  0.584724     3.02265   231.08682
2022 271  0.598288     3.06183   232.03906
2022 272  0.611182     3.09853   232.95016
2022 273  0.623433     3.13301   233.82458
2022 274  0.635062     3.16550   234.66618
2022 275  0.646090     3.19622   235.47833
2022 276  0.656534     3.22531   236.26395
2022 277  0.666412     3.25294   237.02567
2022 278  0.675738     3.27924   237.76579
2022 279  0.684525     3.30432   238.48637
2022 280  0.692786     3.32828   239.18925
2022 281  0.700533     3.35120   239.87610
2022 282  0.707775     3.37318   240.54846
2022 283  0.714522     3.39428   241.20767
2022 284  0.720782     3.41456   241.85501
2022 285  0.726563     3.43408   242.49167
2022 286  0.731871     3.45289   243.11868
2022 287  0.736714     3.47104   243.73709
2022 288  0.741096     3.48856   244.34784
2022 289  0.745023     3.50550   244.95178
2022 290  0.748498     3.52190   245.54979
2022 291  0.751526     3.53777   246.14264
2022 292  0.754110     3.55315   246.73109
2022 293  0.756252     3.56806   247.31589
2022 294  0.757955     3.58253   247.89775
2022 295  0.759221     3.59658   248.47736
2022 296  0.760051     3.61022   249.05536
2022 297  0.760446     3.62348   249.63246
2022 298  0.760406     3.63636   250.20932
2022 299  0.759931     3.64888   250.78656
2022 300  0.759021     3.66106   251.36490
2022 301  0.757674     3.67290   251.94496
2022 302  0.755890     3.68441   252.52744
2022 303  0.753667     3.69560   253.11304
2022 304  0.751002     3.70647   253.70245
2022 305  0.747891     3.71703   254.29645
2022 306  0.744333     3.72728   254.89577
2022 307  0.740323     3.73723   255.50124
2022 308  0.735856     3.74686   256.11368
2022 309  0.730927     3.75618   256.73401
2022 310  0.725531     3.76519   257.36319
2022 311  0.719662     3.77388   258.00223
2022 312  0.713312     3.78223   258.65222
2022 313  0.706474     3.79024   259.31436
2022 314  0.699138     3.79789   259.98993
2022 315  0.691296     3.80517   260.68036
2022 316  0.682937     3.81205   261.38715
2022 317  0.674050     3.81850   262.11206
2022 318  0.664622     3.82450   262.85693
2022 319  0.654639     3.83000   263.62390
2022 320  0.644086     3.83496   264.41534
2022 321  0.632947     3.83932   265.23389
2022 322  0.621201     3.84302   266.08261
2022 323  0.608830     3.84597   266.96494
2022 324  0.595810     3.84808   267.88486
2022 325  0.582117     3.84923   268.84698
2022 326  0.567721     3.84928   269.85675
2022 327  0.552591     3.84803   270.92041
2022 328  0.536692     3.84528   272.04553
2022 329  0.519985     3.84073   273.24118
2022 330  0.502422     3.83403   274.51834
2022 331  0.483953     3.82471   275.89053
2022 332  0.464519     3.81218   277.37457
2022 333  0.444049     3.79561   278.99188
2022 334  0.422463     3.77392   280.77002
2022 335  0.399666     3.74557   282.74536
2022 336  0.375543     3.70837   284.96716
2022 337  0.349958     3.65911   287.50400
2022 338  0.322742     3.59280   290.45508
2022 339  0.293686     3.50142   293.97025
2022 340  0.262527     3.37115   298.28943
2022 341  0.228935     3.17627   303.82602
2022 342  0.192512     2.86349   311.36774
2022 343  0.152873     2.30505   322.64453
2022 344  0.110303     1.13153   342.31741
2022 345  0.070866    -1.71888    25.87465
2022 346  0.067896    -3.67942   106.50262
2022 347  0.105696    -1.62224   154.49605
2022 348  0.148420    -0.25196   175.64047
2022 349  0.188392     0.54298   187.48466
2022 350  0.225128     1.05689   195.30081
2022 351  0.258990     1.41915   200.99164
2022 352  0.290383     1.69067   205.40678
2022 353  0.319643     1.90345   208.98610
2022 354  0.347040     2.07586   211.98238
2022 355  0.372786     2.21921   214.55240
2022 356  0.397055     2.34087   216.79935
2022 357  0.419986     2.44587   218.79428
2022 358  0.441695     2.53773   220.58797
2022 359  0.462279     2.61905   222.21786
2022 360  0.481821     2.69173   223.71228
2022 361  0.500390     2.75726   225.09308
2022 362  0.518047     2.81678   226.37749
2022 363  0.534845     2.87118   227.57932
2022 364  0.550830     2.92119   228.70973
2022 365  0.566041     2.96741   229.77797
2023   1  0.580513     3.01032   230.79192
2023   2  0.594282     3.05031   231.75754
2023   3  0.607375     3.08772   232.68053
2023   4  0.619817     3.12284   233.56555
2023   5  0.631631     3.15591   234.41667
2023   6  0.642837     3.18714   235.23737
2023   7  0.653455     3.21671   236.03070
2023   8  0.663501     3.24477   236.79938
2023   9  0.672991     3.27146   237.54581
2023  10  0.681939     3.29689   238.27206
2023  11  0.690357     3.32118   238.98012
2023  12  0.698257     3.34441   239.67165
2023  13  0.705650     3.36666   240.34824
2023  14  0.712545     3.38802   241.01128
2023  15  0.718951     3.40854   241.66209
2023  16  0.724875     3.42828   242.30186
2023  17  0.730325     3.44730   242.93170
2023  18  0.735308     3.46565   243.55261
2023  19  0.739828     3.48336   244.16559
2023  20  0.743891     3.50047   244.77151
2023  21  0.747501     3.51703   245.37125
2023  22  0.750664     3.53305   245.96558
2023  23  0.753381     3.54858   246.55530
2023  24  0.755656     3.56363   247.14114
2023  25  0.757491     3.57823   247.72385
2023  26  0.758888     3.59241   248.30408
2023  27  0.759849     3.60617   248.88251
2023  28  0.760375     3.61954   249.45984
2023  29  0.760466     3.63254   250.03671
2023  30  0.760122     3.64517   250.61380
2023  31  0.759343     3.65745   251.19176
2023  32  0.758128     3.66939   251.77124
2023  33  0.756476     3.68100   252.35295
2023  34  0.754385     3.69228   252.93756
2023  35  0.751854     3.70325   253.52576
2023  36  0.748878     3.71390   254.11832
2023  37  0.745455     3.72425   254.71597
2023  38  0.741581     3.73428   255.31952
2023  39  0.737252     3.74401   255.92979
2023  40  0.732463     3.75343   256.54767
2023  41  0.727209     3.76253   257.17410
2023  42  0.721483     3.77132   257.81009
2023  43  0.715279     3.77977   258.45667
2023  44  0.708588     3.78789   259.11505
2023  45  0.701404     3.79565   259.78644
2023  46  0.693716     3.80304   260.47226
2023  47  0.685514     3.81004   261.17398
2023  48  0.676787     3.81663   261.89325
2023  49  0.667524     3.82277   262.63193
2023  50  0.657710     3.82842   263.39203
2023  51  0.647331     3.83355   264.17584
2023  52  0.636370     3.83810   264.98596
2023  53  0.624809     3.84201   265.82526
2023  54  0.612629     3.84519   266.69708
2023  55  0.599808     3.84757   267.60526
2023  56  0.586320     3.84902   268.55417
2023  57  0.572139     3.84941   269.54898
2023  58  0.557234     3.84858   270.59567
2023  59  0.541572     3.84630   271.70145
2023  60  0.525113     3.84233   272.87482
2023  61  0.507813     3.83632   274.12613
2023  62  0.489624     3.82785   275.46808
2023  63  0.470488     3.81635   276.91644
2023  64  0.450338     3.80110   278.49103
2023  65  0.429099     3.78109   280.21735
2023  66  0.406678     3.75494   282.12875
2023  67  0.382969     3.72069   284.27008
2023  68  0.357842     3.67549   286.70319
2023  69  0.331138     3.61499   289.51645
2023  70  0.302662     3.53227   292.84143
2023  71  0.272170     3.41571   296.88489
2023  72  0.239352     3.24418   301.99445
2023  73  0.203830     2.97548   308.81030
2023  74  0.165190     2.51325   318.67212
2023  75  0.123348     1.59476   334.94742
2023  76  0.081273    -0.60137     8.36368
2023  77  0.062443    -3.82113    82.42793
2023  78  0.092876    -2.21773   144.25166
2023  79  0.135721    -0.58530   170.65652
2023  80  0.176671     0.34123   184.46725
2023  81  0.214354     0.92144   193.21848
2023  82  0.249038     1.32109   199.43283
2023  83  0.281137     1.61577   204.17467
2023  84  0.311010     1.84393   207.97391
2023  85  0.338944     2.02711   211.12665
2023  86  0.365169     2.17834   213.81279
2023  87  0.389868     2.30595   216.14880
2023  88  0.413189     2.41556   218.21385
2023  89  0.435256     2.51109   220.06400
2023  90  0.456170     2.59538   221.74013
2023  91  0.476019     2.67050   223.27298
2023  92  0.494875     2.73806   224.68619
2023  93  0.512802     2.79930   225.99820
2023  94  0.529854     2.85517   227.22374
2023  95  0.546080     2.90644   228.37474
2023  96  0.561521     2.95376   229.46095
2023  97  0.576214     2.99762   230.49045
2023  98  0.590194     3.03845   231.47003
2023  99  0.603488     3.07662   232.40541
2023 100  0.616124     3.11241   233.30150
2023 101  0.628125     3.14608   234.16251
2023 102  0.639513     3.17785   234.99210
2023 103  0.650307     3.20790   235.79343
2023 104  0.660524     3.23640   236.56931
2023 105  0.670180     3.26350   237.32224
2023 106  0.679290     3.28930   238.05441
2023 107  0.687867     3.31392   238.76781
2023 108  0.695923     3.33747   239.46417
2023 109  0.703468     3.36001   240.14514
2023 110  0.710512     3.38163   240.81216
2023 111  0.717065     3.40240   241.46655
2023 112  0.723134     3.42237   242.10956
2023 113  0.728726     3.44161   242.74231
2023 114  0.733849     3.46015   243.36584
2023 115  0.738509     3.47805   243.98114
2023 116  0.742709     3.49535   244.58911
2023 117  0.746456     3.51207   245.19064
2023 118  0.749754     3.52825   245.78654
2023 119  0.752605     3.54393   246.37759
2023 120  0.755013     3.55912   246.96455
2023 121  0.756981     3.57386   247.54814
2023 122  0.758510     3.58816   248.12906
2023 123  0.759603     3.60205   248.70798
2023 124  0.760260     3.61553   249.28558
2023 125  0.760483     3.62864   249.86255
2023 126  0.760270     3.64138   250.43951
2023 127  0.759623     3.65377   251.01715
2023 128  0.758540     3.66581   251.59613
2023 129  0.757020     3.67752   252.17709
2023 130  0.755062     3.68890   252.76077
2023 131  0.752664     3.69997   253.34782
2023 132  0.749822     3.71072   253.93900
2023 133  0.746535     3.72116   254.53505
2023 134  0.742798     3.73129   255.13675
2023 135  0.738607     3.74111   255.74490
2023 136  0.733958     3.75062   256.36041
2023 137  0.728845     3.75982   256.98419
2023 138  0.723262     3.76870   257.61719
2023 139  0.717203     3.77726   258.26044
2023 140  0.710661     3.78548   258.91516
2023 141  0.703626     3.79335   259.58252
2023 142  0.696092     3.80086   260.26382
2023 143  0.688046     3.80798   260.96057
2023 144  0.679480     3.81469   261.67438
2023 145  0.670380     3.82097   262.40701
2023 146  0.660734     3.82678   263.16043
2023 147  0.650527     3.83207   263.93683
2023 148  0.639744     3.83680   264.73871
2023 149  0.628367     3.84091   265.56891
2023 150  0.616376     3.84432   266.43054
2023 151  0.603751     3.84695   267.32733
2023 152  0.590467     3.84870   268.26343
2023 153  0.576499     3.84943   269.24380
2023 154  0.561817     3.84898   270.27417
2023 155  0.546387     3.84717   271.36127
2023 156  0.530173     3.84374   272.51321
2023 157  0.513133     3.83838   273.73981
2023 158  0.495218     3.83071   275.05292
2023 159  0.476375     3.82019   276.46725
2023 160  0.456539     3.80617   278.00134
2023 161  0.435638     3.78772   279.67874
2023 162  0.413585     3.76359   281.53015
2023 163  0.390278     3.73204   283.59647
2023 164  0.365594     3.69052   285.93359
2023 165  0.339386     3.63522   288.62054
2023 166  0.311469     3.56016   291.77344
2023 167  0.281616     3.45547   295.57150
2023 168  0.249538     3.30367   300.30930
2023 169  0.214878     3.07094   306.51309
2023 170  0.177219     2.68342   315.23721
2023 171  0.136288     1.95115   328.97067
2023 172  0.093408     0.28786   355.10590
2023 173  0.062567    -3.22293    56.19823
2023 174  0.080799    -2.88869   130.80466
2023 175  0.122780    -0.98229   164.62531
2023 176  0.164632     0.10925   181.01184
2023 177  0.203295     0.77009   190.91104
2023 178  0.238841     1.21376   197.74147
2023 179  0.271680     1.53500   202.85689
2023 180  0.302192     1.78046   206.90251
2023 181  0.330686     1.97559   210.22792
2023 182  0.357407     2.13544   213.04071
2023 183  0.382550     2.26951   215.47296
2023 184  0.406273     2.38409   217.61324
2023 185  0.428708     2.48354   219.52353
2023 186  0.449961     2.57098   221.24869
2023 187  0.470124     2.64869   222.82216
2023 188  0.489273     2.71840   224.26942
2023 189  0.507474     2.78144   225.61037
2023 190  0.524786     2.83884   226.86072
2023 191  0.541256     2.89144   228.03319
2023 192  0.556930     2.93989   229.13809
2023 193  0.571846     2.98475   230.18399
2023 194  0.586039     3.02646   231.17805
2023 195  0.599537     3.06540   232.12627
2023 196  0.612370     3.10188   233.03378
2023 197  0.624560     3.13617   233.90501
2023 198  0.636132     3.16849   234.74376
2023 199  0.647103     3.19905   235.55334
2023 200  0.657493     3.22800   236.33667
2023 201  0.667317     3.25551   237.09631
2023 202  0.676591     3.28169   237.83456
2023 203  0.685328     3.30666   238.55344
2023 204  0.693540     3.33052   239.25479
2023 205  0.701238     3.35336   239.94028
2023 206  0.708433     3.37525   240.61137
2023 207  0.715133     3.39627   241.26947
2023 208  0.721348     3.41648   241.91580
2023 209  0.727084     3.43594   242.55154
2023 210  0.732348     3.45469   243.17775
2023 211  0.737147     3.47277   243.79544
2023 212  0.741486     3.49025   244.40555
2023 213  0.745370     3.50714   245.00894
2023 214  0.748802     3.52348   245.60646
2023 215  0.751788     3.53931   246.19888
2023 216  0.754330     3.55465   246.78702
2023 217  0.756431     3.56952   247.37152
2023 218  0.758093     3.58395   247.95317
2023 219  0.759318     3.59796   248.53262
2023 220  0.760106     3.61157   249.11053
2023 221  0.760460     3.62479   249.68762
2023 222  0.760379     3.63764   250.26450
2023 223  0.759863     3.65014   250.84183
2023 224  0.758912     3.66228   251.42032
2023 225  0.757525     3.67409   252.00058
2023 226  0.755699     3.68557   252.58334
2023 227  0.753434     3.69673   253.16925
2023 228  0.750727     3.70758   253.75906
2023 229  0.747575     3.71811   254.35352
2023 230  0.743974     3.72834   254.95334
2023 231  0.739920     3.73826   255.55936
2023 232  0.735409     3.74786   256.17239
2023 233  0.730435     3.75716   256.79324
2023 234  0.725691     3.76571   257.39856
2023 235  0.721196     3.77359   257.99255
2023 236  0.716212     3.78117   258.59460
2023 237  0.710731     3.78843   259.20557
2023 238  0.704746     3.79537   259.82654
2023 239  0.698250     3.80198   260.45862
2023 240  0.691233     3.80825   261.10306
2023 241  0.683685     3.81415   261.76123
2023 242  0.675597     3.81967   262.43469
2023 243  0.666955     3.82478   263.12503
2023 244  0.657747     3.82946   263.83411
2023 245  0.647959     3.83366   264.56396
2023 246  0.637573     3.83734   265.31696
2023 247  0.626573     3.84046   266.09564
2023 248  0.614938     3.84294   266.90295
2023 249  0.602647     3.84472   267.74237
2023 250  0.589676     3.84569   268.61771
2023 251  0.575996     3.84576   269.53354
2023 252  0.561578     3.84477   270.49521
2023 253  0.546387     3.84256   271.50894
2023 254  0.530384     3.83891   272.58228
2023 255  0.513526     3.83355   273.72424
2023 256  0.495763     3.82614   274.94592
2023 257  0.477035     3.81622   276.26099
2023 258  0.457277     3.80321   277.68665
2023 259  0.436410     3.78630   279.24487
2023 260  0.414341     3.76440   280.96442
2023 261  0.390959     3.73596   282.88361
2023 262  0.366130     3.69875   285.05508
2023 263  0.339688     3.64937   287.55377
2023 264  0.311426     3.58249   290.49042
2023 265  0.281079     3.48918   294.03784
2023 266  0.248299     3.35342   298.48428
2023 267  0.212625     3.14333   304.35645
2023 268  0.173450     2.78635   312.74948
2023 269  0.130113     2.07999   326.43271
2023 270  0.083364     0.28021   354.96243
2023 271  0.053195    -3.72236    74.55508
2023 272  0.085328    -1.78880   151.45157
2023 273  0.132012    -0.01580   178.89937
2023 274  0.175144     0.87280   192.23274
2023 275  0.214142     1.40089   200.46735
2023 276  0.249672     1.75509   206.25185
2023 277  0.282332     2.01216   210.64339
2023 278  0.312578     2.20916   214.15346
2023 279  0.340754     2.36618   217.06320
2023 280  0.367120     2.49511   219.54161
2023 281  0.391882     2.60345   221.69734
2023 282  0.415204     2.69619   223.60391
2023 283  0.437220     2.77679   225.31317
2023 284  0.458038     2.84773   226.86287
2023 285  0.477751     2.91083   228.28133
2023 286  0.496437     2.96747   229.59026
2023 287  0.514162     3.01871   230.80666
2023 288  0.530984     3.06538   231.94405
2023 289  0.546952     3.10815   233.01335
2023 290  0.562111     3.14756   234.02354
2023 291  0.576499     3.18405   234.98206
2023 292  0.590151     3.21797   235.89508
2023 293  0.603095     3.24964   236.76794
2023 294  0.615360     3.27931   237.60507
2023 295  0.626970     3.30719   238.41040
2023 296  0.637946     3.33346   239.18726
2023 297  0.648309     3.35829   239.93860
2023 298  0.658075     3.38180   240.66699
2023 299  0.667261     3.40413   241.37473
2023 300  0.675882     3.42537   242.06386
2023 301  0.683950     3.44562   242.73621
2023 302  0.691478     3.46495   243.39342
2023 303  0.698476     3.48344   244.03699
2023 304  0.704954     3.50115   244.66829
2023 305  0.710920     3.51814   245.28856
2023 306  0.716383     3.53446   245.89896
2023 307  0.721349     3.55015   246.50055
2023 308  0.725824     3.56525   247.09435
2023 309  0.729815     3.57980   247.68127
2023 310  0.733327     3.59383   248.26221
2023 311  0.736362     3.60738   248.83800
2023 312  0.738926     3.62046   249.40945
2023 313  0.741020     3.63310   249.97733
2023 314  0.742648     3.64533   250.54236
2023 315  0.743811     3.65716   251.10529
2023 316  0.744511     3.66861   251.66684
2023 317  0.744748     3.67970   252.22769
2023 318  0.744523     3.69043   252.78854
2023 319  0.743835     3.70083   253.35010
2023 320  0.742684     3.71089   253.91306
2023 321  0.741069     3.72063   254.47812
2023 322  0.738986     3.73006   255.04604
2023 323  0.736435     3.73917   255.61752
2023 324  0.733412     3.74799   256.19339
2023 325  0.729913     3.75649   256.77438
2023 326  0.725934     3.76470   257.36139
2023 327  0.721471     3.77259   257.95526
2023 328  0.716517     3.78019   258.55698
2023 329  0.711067     3.78746   259.16748
2023 330  0.705114     3.79442   259.78787
2023 331  0.698649     3.80104   260.41931
2023 332  0.691664     3.80732   261.06302
2023 333  0.684149     3.81324   261.72037
2023 334  0.676094     3.81877   262.39288
2023 335  0.667486     3.82390   263.08218
2023 336  0.658313     3.82859   263.79010
2023 337  0.648560     3.83281   264.51868
2023 338  0.638211     3.83652   265.27023
2023 339  0.627249     3.83966   266.04730
2023 340  0.615653     3.84217   266.85284
2023 341  0.603403     3.84398   267.69022
2023 342  0.590473     3.84500   268.56329
2023 343  0.576837     3.84511   269.47656
2023 344  0.562464     3.84417   270.43530
2023 345  0.547321     3.84203   271.44571
2023 346  0.531369     3.83846   272.51523
2023 347  0.514564     3.83320   273.65280
2023 348  0.496856     3.82591   274.86932
2023 349  0.478188     3.81614   276.17834
2023 350  0.458494     3.80332   277.59680
2023 351  0.437696     3.78665   279.14630
2023 352  0.415702     3.76507   280.85516
2023 353  0.392403     3.73706   282.76102
2023 354  0.367666     3.70043   284.91553
2023 355  0.341326     3.65188   287.39185
2023 356  0.313181     3.58623   290.29807
2023 357  0.282968     3.49485   293.80212
2023 358  0.250346     3.36227   298.18295
2023 359  0.214862     3.15806   303.94687
2023 360  0.175917     2.81347   312.13699
2023 361  0.132842     2.13954   325.35315
2023 362  0.086152     0.45284   352.36880
2023 363  0.053242    -3.58627    67.94755
2023 364  0.082550    -1.94311   148.80579
2023 365  0.129281    -0.08826   177.80867
2024   1  0.172673     0.83311   191.61708
2024   2  0.211901     1.37571   200.05692
2024   3  0.247620     1.73749   205.95055
2024   4  0.280439     1.99903   210.40808
2024   5  0.310820     2.19890   213.96169
2024   6  0.339111     2.35788   216.90196
2024   7  0.365579     2.48821   219.40279
2024   8  0.390433     2.59759   221.57558
2024   9  0.413838     2.69112   223.49550
2024  10  0.435928     2.77234   225.21542
2024  11  0.456815     2.84377   226.77385
2024  12  0.476593     2.90727   228.19952
2024  13  0.495338     2.96425   229.51453
2024  14  0.513119     3.01577   230.73607
2024  15  0.529994     3.06269   231.87788
2024  16  0.546012     3.10568   232.95102
2024  17  0.561219     3.14527   233.96455
2024  18  0.575652     3.18193   234.92599
2024  19  0.589347     3.21600   235.84161
2024  20  0.602333     3.24780   236.71674
2024  21  0.614638     3.27758   237.55592
2024  22  0.626286     3.30556   238.36307
2024  23  0.637300     3.33192   239.14154
2024  24  0.647699     3.35683   239.89435
2024  25  0.657501     3.38043   240.62405
2024  26  0.666722     3.40282   241.33298
2024  27  0.675376     3.42413   242.02318
2024  28  0.683478     3.44443   242.69649
2024  29  0.691038     3.46382   243.35457
2024  30  0.698067     3.48236   243.99893
2024  31  0.704576     3.50011   244.63092
2024  32  0.710573     3.51714   245.25183
2024  33  0.716065     3.53350   245.86279
2024  34  0.721061     3.54922   246.46489
2024  35  0.725566     3.56436   247.05913
2024  36  0.729586     3.57894   247.64644
2024  37  0.733126     3.59300   248.22772
2024  38  0.736190     3.60658   248.80380
2024  39  0.738782     3.61969   249.37549
2024  40  0.740905     3.63236   249.94354
2024  41  0.742561     3.64461   250.50874
2024  42  0.743752     3.65646   251.07178
2024  43  0.744479     3.66794   251.63339
2024  44  0.744744     3.67904   252.19427
2024  45  0.744547     3.68980   252.75510
2024  46  0.743887     3.70021   253.31660
2024  47  0.742764     3.71029   253.87946
2024  48  0.741177     3.72005   254.44438
2024  49  0.739123     3.72950   255.01212
2024  50  0.736600     3.73864   255.58337
2024  51  0.733605     3.74746   256.15894
2024  52  0.730135     3.75599   256.73962
2024  53  0.726185     3.76421   257.32623
2024  54  0.721751     3.77213   257.91968
2024  55  0.716827     3.77974   258.52087
2024  56  0.711407     3.78703   259.13083
2024  57  0.705484     3.79401   259.75061
2024  58  0.699050     3.80065   260.38135
2024  59  0.692097     3.80695   261.02429
2024  60  0.684614     3.81289   261.68079
2024  61  0.676592     3.81845   262.35233
2024  62  0.668018     3.82360   263.04059
2024  63  0.658879     3.82832   263.74731
2024  64  0.649162     3.83257   264.47461
2024  65  0.638849     3.83631   265.22470
2024  66  0.627924     3.83948   266.00015
2024  67  0.616367     3.84204   266.80389
2024  68  0.604157     3.84389   267.63925
2024  69  0.591269     3.84495   268.51007
2024  70  0.577676     3.84512   269.42078
2024  71  0.563348     3.84425   270.37662
2024  72  0.548253     3.84219   271.38373
2024  73  0.532350     3.83871   272.44946
2024  74  0.515598     3.83356   273.58264
2024  75  0.497946     3.82640   274.79410
2024  76  0.479338     3.81680   276.09711
2024  77  0.459708     3.80418   277.50842
2024  78  0.438978     3.78777   279.04935
2024  79  0.417059     3.76652   280.74768
2024  80  0.393842     3.73895   282.64038
2024  81  0.369195     3.70291   284.77814
2024  82  0.342957     3.65520   287.23248
2024  83  0.314927     3.59078   290.10892
2024  84  0.284847     3.50128   293.57068
2024  85  0.252382     3.37183   297.88766
2024  86  0.217085     3.17327   303.54694
2024  87  0.178367     2.84048   311.54272
2024  88  0.135553     2.19690   324.31848
2024  89  0.088961     0.61442   349.94064
2024  90  0.053614    -3.40482    61.39685
2024  91  0.079804    -2.10465   145.97600
2024  92  0.126534    -0.16472   176.67033
2024  93  0.170188     0.79150   190.98328
2024  94  0.209649     1.34937   199.63745
2024  95  0.245561     1.71910   205.64395
2024  96  0.278539     1.98533   210.16933
2024  97  0.309056     2.18820   213.76749
2024  98  0.337464     2.34923   216.73889
2024  99  0.364036     2.48103   219.26254
2024 100  0.388982     2.59151   221.45265
2024 101  0.412469     2.68588   223.38612
2024 102  0.434635     2.76776   225.11688
2024 103  0.455592     2.83972   226.68411
2024 104  0.475433     2.90366   228.11711
2024 105  0.494239     2.96099   229.43823
2024 106  0.512076     3.01282   230.66499
2024 107  0.529004     3.05999   231.81126
2024 108  0.545073     3.10320   232.88828
2024 109  0.560327     3.14299   233.90517
2024 110  0.574806     3.17981   234.86954
2024 111  0.588544     3.21403   235.78777
2024 112  0.601572     3.24595   236.66521
2024 113  0.613917     3.27585   237.50644
2024 114  0.625604     3.30393   238.31540
2024 115  0.636656     3.33039   239.09554
2024 116  0.647091     3.35538   239.84979
2024 117  0.656928     3.37905   240.58084
2024 118  0.666184     3.40151   241.29095
2024 119  0.674872     3.42288   241.98224
2024 120  0.683006     3.44324   242.65651
2024 121  0.690598     3.46268   243.31546
2024 122  0.697659     3.48127   243.96062
2024 123  0.704199     3.49907   244.59332
2024 124  0.710226     3.51614   245.21487
2024 125  0.715749     3.53254   245.82640
2024 126  0.720774     3.54830   246.42902
2024 127  0.725309     3.56347   247.02370
2024 128  0.729358     3.57808   247.61140
2024 129  0.732926     3.59218   248.19302
2024 130  0.736019     3.60578   248.76939
2024 131  0.738639     3.61892   249.34134
2024 132  0.740790     3.63161   249.90961
2024 133  0.742473     3.64389   250.47495
2024 134  0.743692     3.65577   251.03810
2024 135  0.744448     3.66726   251.59978
2024 136  0.744741     3.67839   252.16068
2024 137  0.744571     3.68916   252.72150
2024 138  0.743939     3.69960   253.28293
2024 139  0.742844     3.70970   253.84570
2024 140  0.741284     3.71948   254.41049
2024 141  0.739258     3.72894   254.97803
2024 142  0.736764     3.73810   255.54904
2024 143  0.733797     3.74695   256.12433
2024 144  0.730356     3.75549   256.70471
2024 145  0.726435     3.76373   257.29095
2024 146  0.722030     3.77166   257.88394
2024 147  0.717136     3.77929   258.48465
2024 148  0.711746     3.78661   259.09406
2024 149  0.705853     3.79360   259.71320
2024 150  0.699450     3.80026   260.34326
2024 151  0.692528     3.80658   260.98541
2024 152  0.685077     3.81254   261.64108
2024 153  0.677088     3.81813   262.31168
2024 154  0.668547     3.82330   262.99887
2024 155  0.659443     3.82805   263.70447
2024 156  0.649760     3.83233   264.43045
2024 157  0.639484     3.83610   265.17911
2024 158  0.628596     3.83931   265.95297
2024 159  0.617078     3.84191   266.75494
2024 160  0.604907     3.84380   267.58829
2024 161  0.592060     3.84492   268.45685
2024 162  0.578510     3.84514   269.36505
2024 163  0.564228     3.84434   270.31802
2024 164  0.549179     3.84235   271.32187
2024 165  0.533326     3.83897   272.38385
2024 166  0.516626     3.83393   273.51273
2024 167  0.499030     3.82690   274.71912
2024 168  0.480481     3.81746   276.01624
2024 169  0.460914     3.80503   277.42050
2024 170  0.440253     3.78888   278.95294
2024 171  0.418408     3.76795   280.64093
2024 172  0.395272     3.74082   282.52075
2024 173  0.370715     3.70537   284.64203
2024 174  0.344578     3.65848   287.07489
2024 175  0.316662     3.59524   289.92215
2024 176  0.286713     3.50758   293.34265
2024 177  0.254402     3.38114   297.59769
2024 178  0.219289     3.18802   303.15598
2024 179  0.180796     2.86643   310.96588
2024 180  0.138243     2.25123   323.32675
2024 181  0.091778     0.76472   347.66727
2024 182  0.054299    -3.18451    54.99453
2024 183  0.077106    -2.27141   142.95506
2024 184  0.123782    -0.24426   175.48532
2024 185  0.167695     0.74866   190.33279
2024 186  0.207392     1.32245   199.21033
2024 187  0.243497     1.70040   205.33324
2024 188  0.276636     1.97144   209.92815
2024 189  0.307289     2.17738   213.57175
2024 190  0.335816     2.34050   216.57483
2024 191  0.362491     2.47379   219.12161
2024 192  0.387529     2.58538   221.32927
2024 193  0.411100     2.68060   223.27640
2024 194  0.433342     2.76315   225.01808
2024 195  0.454369     2.83565   226.59422
2024 196  0.474275     2.90002   228.03456
2024 197  0.493140     2.95772   229.36186
2024 198  0.511034     3.00985   230.59386
2024 199  0.528014     3.05728   231.74461
2024 200  0.544133     3.10071   232.82549
2024 201  0.559435     3.14069   233.84575
2024 202  0.573960     3.17768   234.81308
2024 203  0.587741     3.21204   235.73392
2024 204  0.600811     3.24410   236.61365
2024 205  0.613196     3.27411   237.45694
2024 206  0.624923     3.30229   238.26773
2024 207  0.636012     3.32884   239.04950
2024 208  0.646483     3.35392   239.80524
2024 209  0.656356     3.37767   240.53758
2024 210  0.665646     3.40020   241.24889
2024 211  0.674368     3.42163   241.94122
2024 212  0.682535     3.44205   242.61649
2024 213  0.690159     3.46154   243.27631
2024 214  0.697252     3.48018   243.92223
2024 215  0.703823     3.49803   244.55563
2024 216  0.709881     3.51514   245.17780
2024 217  0.715434     3.53158   245.78990
2024 218  0.720489     3.54738   246.39301
2024 219  0.725053     3.56258   246.98813
2024 220  0.729131     3.57723   247.57622
2024 221  0.732729     3.59135   248.15817
2024 222  0.735850     3.60499   248.73482
2024 223  0.738498     3.61815   249.30698
2024 224  0.740677     3.63087   249.87543
2024 225  0.742389     3.64318   250.44092
2024 226  0.743636     3.65508   251.00418
2024 227  0.744420     3.66660   251.56592
2024 228  0.744741     3.67775   252.12683
2024 229  0.744599     3.68855   252.68762
2024 230  0.743995     3.69900   253.24899
2024 231  0.742928     3.70913   253.81161
2024 232  0.741397     3.71893   254.37625
2024 233  0.739399     3.72842   254.94357
2024 234  0.736933     3.73759   255.51437
2024 235  0.733995     3.74646   256.08936
2024 236  0.730583     3.75503   256.66937
2024 237  0.726691     3.76329   257.25519
2024 238  0.722316     3.77125   257.84775
2024 239  0.717452     3.77890   258.44794
2024 240  0.712092     3.78623   259.05676
2024 241  0.706230     3.79325   259.67529
2024 242  0.699858     3.79994   260.30463
2024 243  0.692968     3.80629   260.94598
2024 244  0.685550     3.81227   261.60077
2024 245  0.677594     3.81788   262.27039
2024 246  0.669087     3.82309   262.95651
2024 247  0.660017     3.82787   263.66089
2024 248  0.650371     3.83219   264.38556
2024 249  0.640131     3.83600   265.13275
2024 250  0.629281     3.83925   265.90497
2024 251  0.617802     3.84189   266.70511
2024 252  0.605672     3.84384   267.53644
2024 253  0.592867     3.84501   268.40271
2024 254  0.579361     3.84530   269.30829
2024 255  0.565124     3.84458   270.25836
2024 256  0.550123     3.84267   271.25888
2024 257  0.534321     3.83939   272.31708
2024 258  0.517673     3.83447   273.44153
2024 259  0.500133     3.82759   274.64282
2024 260  0.481644     3.81832   275.93390
2024 261  0.462142     3.80611   277.33105
2024 262  0.441550     3.79022   278.85492
2024 263  0.419780     3.76964   280.53241
2024 264  0.396727     3.74295   282.39920
2024 265  0.372261     3.70811   284.50394
2024 266  0.346225     3.66206   286.91516
2024 267  0.318424     3.60004   289.73322
2024 268  0.288609     3.51422   293.11249
2024 269  0.256453     3.39079   297.30588
2024 270  0.221527     3.20304   302.76431
2024 271  0.183259     2.89241   310.39215
2024 272  0.140970     2.30443   322.35263
2024 273  0.094661     0.90833   345.48624
2024 274  0.055303    -2.92745    48.66647
2024 275  0.074408    -2.44695   139.65231
2024 276  0.120962    -0.32938   174.22331
2024 277  0.165138     0.70317   189.65103
2024 278  0.205077     1.29397   198.76666
2024 279  0.241382     1.68063   205.01237
2024 280  0.274688     1.95673   209.68010
2024 281  0.305481     2.16590   213.37106
2024 282  0.334130     2.33122   216.40703
2024 283  0.360911     2.46608   218.97777
2024 284  0.386044     2.57883   221.20354
2024 285  0.409701     2.67495   223.16479
2024 286  0.432020     2.75820   224.91772
2024 287  0.453118     2.83126   226.50299
2024 288  0.473090     2.89609   227.95090
2024 289  0.492017     2.95417   229.28452
2024 290  0.509968     3.00662   230.52187
2024 291  0.527003     3.05433   231.67722
2024 292  0.543173     3.09799   232.76204
2024 293  0.558524     3.13818   233.78575
2024 294  0.573095     3.17534   234.75610
2024 295  0.586921     3.20986   235.67958
2024 296  0.600033     3.24206   236.56166
2024 297  0.612460     3.27219   237.40703
2024 298  0.624226     3.30049   238.21968
2024 299  0.635353     3.32714   239.00311
2024 300  0.645862     3.35231   239.76031
2024 301  0.655771     3.37614   240.49402
2024 302  0.665096     3.39875   241.20651
2024 303  0.673852     3.42025   241.89993
2024 304  0.682053     3.44073   242.57613
2024 305  0.689710     3.46028   243.23682
2024 306  0.696835     3.47897   243.88350
2024 307  0.703437     3.49687   244.51758
2024 308  0.709527     3.51403   245.14035
2024 309  0.715110     3.53051   245.75293
2024 310  0.720196     3.54635   246.35641
2024 311  0.724791     3.56159   246.95177
2024 312  0.728413     3.57598   247.52826
2024 313  0.729770     3.58924   248.07315
2024 314  0.730636     3.60216   248.61676
2024 315  0.731014     3.61473   249.15952
2024 316  0.730903     3.62697   249.70213
2024 317  0.730304     3.63890   250.24530
2024 318  0.729216     3.65053   250.78976
2024 319  0.727637     3.66188   251.33624
2024 320  0.725566     3.67294   251.88548
2024 321  0.722999     3.68374   252.43826
2024 322  0.719935     3.69428   252.99539
2024 323  0.716368     3.70456   253.55769
2024 324  0.712293     3.71458   254.12604
2024 325  0.707707     3.72436   254.70135
2024 326  0.702601     3.73390   255.28461
2024 327  0.696970     3.74318   255.87688
2024 328  0.690806     3.75222   256.47925
2024 329  0.684098     3.76100   257.09299
2024 330  0.676839     3.76951   257.71939
2024 331  0.669015     3.77776   258.35992
2024 332  0.660616     3.78572   259.01624
2024 333  0.651628     3.79337   259.69003
2024 334  0.642035     3.80070   260.38333
2024 335  0.631820     3.80768   261.09839
2024 336  0.620966     3.81428   261.83771
2024 337  0.609450     3.82044   262.60419
2024 338  0.597251     3.82613   263.40106
2024 339  0.584342     3.83128   264.23221
2024 340  0.570694     3.83581   265.10205
2024 341  0.556275     3.83961   266.01575
2024 342  0.541047     3.84257   266.97949
2024 343  0.524970     3.84453   268.00070
2024 344  0.507994     3.84527   269.08835
2024 345  0.490067     3.84453   270.25342
2024 346  0.471123     3.84196   271.50958
2024 347  0.451089     3.83708   272.87427
2024 348  0.429879     3.82923   274.36975
2024 349  0.407386     3.81752   276.02551
2024 350  0.383486     3.80061   277.88138
2024 351  0.358024     3.77654   279.99277
2024 352  0.330805     3.74225   282.43982
2024 353  0.301581     3.69272   285.34393
2024 354  0.270024     3.61919   288.89999
2024 355  0.235692     3.50496   293.44684
2024 356  0.197962     3.31402   299.64120
2024 357  0.155944     2.95371   308.98285
2024 358  0.108562     2.10629   325.95364
2024 359  0.058427    -0.86161    12.05735
2024 360  0.059049    -3.00342   127.81116
2024 361  0.109244    -0.40312   173.11917
2024 362  0.156523     0.71905   189.88953
2024 363  0.198456     1.31823   199.14890
2024 364  0.236123     1.69803   205.29912
2024 365  0.270404     1.96481   209.81844
2024 366  0.301919     2.16513   213.35573
2025   1  0.331106     2.32270   216.24635
2025   2  0.358296     2.45093   218.68303
2025   3  0.383733     2.55804   220.78624
2025   4  0.407611     2.64937   222.63550
2025   5  0.430085     2.72853   224.28583
2025   6  0.451278     2.79810   225.77675
2025   7  0.471296     2.85994   227.13753
2025   8  0.490226     2.91545   228.39038
2025   9  0.508141     2.96569   229.55255
2025  10  0.525105     3.01149   230.63765
2025  11  0.541172     3.05352   231.65662
2025  12  0.556390     3.09230   232.61838
2025  13  0.570801     3.12827   233.53030
2025  14  0.584440     3.16178   234.39853
2025  15  0.597342     3.19312   235.22826
2025  16  0.609535     3.22254   236.02386
2025  17  0.621043     3.25026   236.78915
2025  18  0.631892     3.27645   237.52744
2025  19  0.642101     3.30126   238.24153
2025  20  0.651689     3.32483   238.93398
2025  21  0.660672     3.34728   239.60699
2025  22  0.669067     3.36869   240.26256
2025  23  0.676886     3.38918   240.90245
2025  24  0.684142     3.40880   241.52827
2025  25  0.690845     3.42763   242.14148
2025  26  0.697006     3.44573   242.74338
2025  27  0.702634     3.46316   243.33524
2025  28  0.707736     3.47997   243.91812
2025  29  0.712319     3.49619   244.49310
2025  30  0.716390     3.51188   245.06116
2025  31  0.719954     3.52706   245.62320
2025  32  0.723016     3.54176   246.18011
2025  33  0.725580     3.55602   246.73274
2025  34  0.727648     3.56987   247.28186
2025  35  0.729225     3.58332   247.82828
2025  36  0.730310     3.59640   248.37270
2025  37  0.730907     3.60912   248.91589
2025  38  0.731015     3.62152   249.45856
2025  39  0.730635     3.63359   250.00146
2025  40  0.729766     3.64535   250.54529
2025  41  0.728408     3.65682   251.09081
2025  42  0.726558     3.66801   251.63873
2025  43  0.724214     3.67893   252.18987
2025  44  0.721374     3.68958   252.74496
2025  45  0.718033     3.69998   253.30484
2025  46  0.714187     3.71012   253.87038
2025  47  0.709831     3.72001   254.44246
2025  48  0.704959     3.72966   255.02203
2025  49  0.699565     3.73905   255.61014
2025  50  0.693641     3.74820   256.20782
2025  51  0.687179     3.75710   256.81631
2025  52  0.680168     3.76573   257.43686
2025  53  0.672599     3.77410   258.07086
2025  54  0.664461     3.78219   258.71988
2025  55  0.655738     3.78998   259.38559
2025  56  0.646419     3.79746   260.06989
2025  57  0.636486     3.80460   260.77487
2025  58  0.625921     3.81137   261.50296
2025  59  0.614705     3.81774   262.25684
2025  60  0.602816     3.82365   263.03964
2025  61  0.590229     3.82905   263.85489
2025  62  0.576917     3.83387   264.70676
2025  63  0.562848     3.83801   265.60004
2025  64  0.547988     3.84137   266.54047
2025  65  0.532298     3.84379   267.53488
2025  66  0.515732     3.84511   268.59143
2025  67  0.498240     3.84507   269.72021
2025  68  0.479761     3.84337   270.93356
2025  69  0.460227     3.83960   272.24707
2025  70  0.439557     3.83318   273.68066
2025  71  0.417654     3.82334   275.26019
2025  72  0.394403     3.80896   277.02042
2025  73  0.369664     3.78841   279.00885
2025  74  0.343261     3.75918   281.29309
2025  75  0.314972     3.71730   283.97324
2025  76  0.284510     3.65600   287.20551
2025  77  0.251489     3.56293   291.25128
2025  78  0.215377     3.41306   296.59048
2025  79  0.175414     3.14741   304.23245
2025  80  0.130557     2.59141   316.80081
2025  81  0.080350     0.99291   344.18555
2025  82  0.046076    -3.76324    77.25436
2025  83  0.086316    -1.30130   159.37537
2025  84  0.136002     0.31389   183.80353
2025  85  0.180214     1.08688   195.52353
2025  86  0.219669     1.54568   202.79791
2025  87  0.255380     1.85525   207.93901
2025  88  0.288074     2.08155   211.86310
2025  89  0.318262     2.25621   215.01398
2025  90  0.346315     2.39636   217.63622
2025  91  0.372513     2.51216   219.87743
2025  92  0.397070     2.61005   221.83272
2025  93  0.420157     2.69430   223.56673
2025  94  0.441911     2.76792   225.12511
2025  95  0.462446     2.83303   226.54123
2025  96  0.481854     2.89123   227.84016
2025  97  0.500217     2.94372   229.04118
2025  98  0.517601     2.99143   230.15939
2025  99  0.534064     3.03508   231.20685
2025 100  0.549658     3.07527   232.19330
2025 101  0.564426     3.11245   233.12680
2025 102  0.578408     3.14702   234.01395
2025 103  0.591638     3.17930   234.86038
2025 104  0.604145     3.20956   235.67081
2025 105  0.615958     3.23802   236.44928
2025 106  0.627101     3.26487   237.19931
2025 107  0.637594     3.29029   237.92395
2025 108  0.647459     3.31440   238.62582
2025 109  0.656712     3.33734   239.30731
2025 110  0.665369     3.35921   239.97049
2025 111  0.673445     3.38010   240.61722
2025 112  0.680952     3.40010   241.24918
2025 113  0.687903     3.41927   241.86789
2025 114  0.694306     3.43770   242.47472
2025 115  0.700172     3.45542   243.07094
2025 116  0.705509     3.47251   243.65771
2025 117  0.710325     3.48899   244.23615
2025 118  0.714625     3.50491   244.80719
2025 119  0.718417     3.52031   245.37184
2025 120  0.721704     3.53523   245.93097
2025 121  0.724491     3.54968   246.48543
2025 122  0.726781     3.56371   247.03604
2025 123  0.728578     3.57734   247.58356
2025 124  0.729884     3.59058   248.12878
2025 125  0.730700     3.60346   248.67242
2025 126  0.731028     3.61600   249.21524
2025 127  0.730867     3.62821   249.75797
2025 128  0.730218     3.64012   250.30127
2025 129  0.729080     3.65172   250.84595
2025 130  0.727451     3.66303   251.39270
2025 131  0.725329     3.67407   251.94229
2025 132  0.722712     3.68484   252.49551
2025 133  0.719596     3.69535   253.05313
2025 134  0.715978     3.70561   253.61603
2025 135  0.711851     3.71561   254.18506
2025 136  0.707212     3.72537   254.76114
2025 137  0.702054     3.73487   255.34528
2025 138  0.696369     3.74413   255.93852
2025 139  0.690149     3.75314   256.54202
2025 140  0.683386     3.76190   257.15698
2025 141  0.676069     3.77039   257.78476
2025 142  0.668188     3.77860   258.42682
2025 143  0.659730     3.78653   259.08481
2025 144  0.650680     3.79415   259.76050
2025 145  0.641024     3.80145   260.45593
2025 146  0.630746     3.80839   261.17334
2025 147  0.619825     3.81494   261.91528
2025 148  0.608241     3.82106   262.68469
2025 149  0.595971     3.82670   263.48486
2025 150  0.582988     3.83179   264.31973
2025 151  0.569263     3.83625   265.19376
2025 152  0.554763     3.83997   266.11224
2025 153  0.539451     3.84284   267.08148
2025 154  0.523284     3.84468   268.10901
2025 155  0.506215     3.84528   269.20398
2025 156  0.488187     3.84437   270.37762
2025 157  0.469136     3.84159   271.64398
2025 158  0.448987     3.83644   273.02084
2025 159  0.427650     3.82826   274.53116
2025 160  0.405021     3.81608   276.20523
2025 161  0.380969     3.79855   278.08423
2025 162  0.355338     3.77360   280.22556
2025 163  0.327927     3.73803   282.71265
2025 164  0.298482     3.68655   285.67252
2025 165  0.266666     3.60984   289.31052
2025 166  0.232020     3.48994   293.98697
2025 167  0.193899     3.28761   300.41010
2025 168  0.151383     2.89941   310.23172
2025 169  0.103424     1.95689   328.57526
2025 170  0.054252    -1.45611    21.34991
2025 171  0.063701    -2.64784   135.65274
2025 172  0.114317    -0.24551   175.47336
2025 173  0.161016     0.79590   191.05664
2025 174  0.202466     1.36433   199.88153
2025 175  0.239753     1.72929   205.81953
2025 176  0.273728     1.98773   210.21678
2025 177  0.304988     2.18285   213.67618
2025 178  0.333961     2.33693   216.51321
2025 179  0.360962     2.46270   218.91132
2025 180  0.386233     2.56800   220.98555
2025 181  0.409961     2.65794   222.81236
2025 182  0.432299     2.73603   224.44487
2025 183  0.453368     2.80473   225.92134
2025 184  0.473272     2.86587   227.27022
2025 185  0.492096     2.92080   228.51312
2025 186  0.509911     2.97055   229.66687
2025 187  0.526781     3.01595   230.74477
2025 188  0.542760     3.05762   231.75754
2025 189  0.557894     3.09610   232.71393
2025 190  0.572225     3.13180   233.62112
2025 191  0.585788     3.16508   234.48521
2025 192  0.598617     3.19621   235.31126
2025 193  0.610739     3.22546   236.10364
2025 194  0.622179     3.25301   236.86603
2025 195  0.632962     3.27905   237.60172
2025 196  0.643107     3.30373   238.31349
2025 197  0.652633     3.32718   239.00386
2025 198  0.661556     3.34952   239.67500
2025 199  0.669892     3.37084   240.32889
2025 200  0.677653     3.39123   240.96729
2025 201  0.684852     3.41077   241.59175
2025 202  0.691500     3.42952   242.20374
2025 203  0.697606     3.44755   242.80457
2025 204  0.703180     3.46492   243.39545
2025 205  0.708229     3.48166   243.97748
2025 206  0.712761     3.49783   244.55170
2025 207  0.716780     3.51346   245.11911
2025 208  0.720293     3.52859   245.68059
2025 209  0.723304     3.54325   246.23703
2025 210  0.725818     3.55747   246.78925
2025 211  0.727836     3.57128   247.33804
2025 212  0.729363     3.58469   247.88419
2025 213  0.730399     3.59773   248.42844
2025 214  0.730946     3.61042   248.97151
2025 215  0.731005     3.62278   249.51416
2025 216  0.730575     3.63482   250.05710
2025 217  0.729657     3.64656   250.60104
2025 218  0.728249     3.65800   251.14674
2025 219  0.726349     3.66916   251.69495
2025 220  0.723955     3.68005   252.24641
2025 221  0.721064     3.69068   252.80194
2025 222  0.717672     3.70105   253.36234
2025 223  0.713775     3.71117   253.92845
2025 224  0.709367     3.72104   254.50122
2025 225  0.704443     3.73066   255.08159
2025 226  0.698996     3.74003   255.67058
2025 227  0.693017     3.74916   256.26929
2025 228  0.686500     3.75803   256.87891
2025 229  0.679434     3.76664   257.50073
2025 230  0.671808     3.77498   258.13614
2025 231  0.663610     3.78304   258.78671
2025 232  0.654829     3.79081   259.45416
2025 233  0.645448     3.79825   260.14044
2025 234  0.635451     3.80536   260.84760
2025 235  0.624822     3.81210   261.57816
2025 236  0.613539     3.81842   262.33478
2025 237  0.601581     3.82429   263.12064
2025 238  0.588922     3.82964   263.93933
2025 239  0.575534     3.83439   264.79510
2025 240  0.561387     3.83847   265.69284
2025 241  0.546446     3.84174   266.63837
2025 242  0.530669     3.84407   267.63858
2025 243  0.514012     3.84527   268.70190
2025 244  0.496501     3.84622   269.83551
2025 245  0.477923     3.84440   271.05777
2025 246  0.458282     3.84047   272.38187
2025 247  0.437497     3.83383   273.82825
2025 248  0.415469     3.82368   275.42352
2025 249  0.392081     3.80888   277.20337
2025 250  0.367189     3.78771   279.21698
2025 251  0.340614     3.75758   281.53436
2025 252  0.312128     3.71429   284.25974
2025 253  0.281437     3.65074   287.55679
2025 254  0.248143     3.55376   291.70142
2025 255  0.211695     3.39636   297.20590
2025 256  0.171308     3.11383   305.16510
2025 257  0.125917     2.50896   318.50336
2025 258  0.075391     0.69370   348.79938
2025 259  0.047318    -3.84587    90.18987
2025 260  0.091308    -1.07728   162.93286
2025 261  0.140524     0.40932   185.27370
2025 262  0.184226     1.13889   196.37242
2025 263  0.223279     1.57875   203.37433
2025 264  0.258671     1.87835   208.36830
2025 265  0.291103     2.09874   212.20229
2025 266  0.321070     2.26959   215.29314
2025 267  0.348933     2.40712   217.87294
2025 268  0.374963     2.52105   220.08276
2025 269  0.399372     2.61753   222.01407
2025 270  0.422324     2.70073   223.72920
2025 271  0.443956     2.77351   225.27242
2025 272  0.464377     2.83795   226.67612
2025 273  0.483682     2.89562   227.96472
2025 274  0.501947     2.94766   229.15704
2025 275  0.519239     2.99500   230.26785
2025 276  0.535616     3.03835   231.30894
2025 277  0.551128     3.07827   232.28990
2025 278  0.565819     3.11523   233.21857
2025 279  0.579727     3.14961   234.10150
2025 280  0.592885     3.18173   234.94421
2025 281  0.605324     3.21184   235.75133
2025 282  0.617071     3.24018   236.52686
2025 283  0.628150     3.26692   237.27426
2025 284  0.638582     3.29224   237.99654
2025 285  0.648387     3.31627   238.69630
2025 286  0.657581     3.33914   239.37589
2025 287  0.666182     3.36094   240.03735
2025 288  0.674202     3.38177   240.68254
2025 289  0.681655     3.40172   241.31311
2025 290  0.688552     3.42086   241.93057
2025 291  0.694903     3.43924   242.53629
2025 292  0.700717     3.45694   243.13152
2025 293  0.706003     3.47399   243.71741
2025 294  0.710769     3.49044   244.29503
2025 295  0.715020     3.50634   244.86539
2025 296  0.718762     3.52173   245.42941
2025 297  0.722000     3.53662   245.98804
2025 298  0.724739     3.55107   246.54204
2025 299  0.726982     3.56509   247.09229
2025 300  0.728731     3.57870   247.63951
2025 301  0.729989     3.59194   248.18451
2025 302  0.730758     3.60482   248.72803
2025 303  0.731038     3.61735   249.27075
2025 304  0.730830     3.62956   249.81345
2025 305  0.730134     3.64146   250.35684
2025 306  0.728948     3.65306   250.90164
2025 307  0.727271     3.66438   251.44861
2025 308  0.725102     3.67542   251.99847
2025 309  0.722437     3.68620   252.55206
2025 310  0.719272     3.69671   253.11012
2025 311  0.715605     3.70697   253.67352
2025 312  0.711429     3.71698   254.24316
2025 313  0.706739     3.72674   254.81995
2025 314  0.701530     3.73626   255.40489
2025 315  0.695794     3.74553   255.99904
2025 316  0.689522     3.75454   256.60355
2025 317  0.682705     3.76330   257.21967
2025 318  0.675334     3.77180   257.84872
2025 319  0.667397     3.78002   258.49222
2025 320  0.658882     3.78796   259.15179
2025 321  0.649775     3.79559   259.82928
2025 322  0.640059     3.80289   260.52667
2025 323  0.629719     3.80983   261.24628
2025 324  0.618735     3.81638   261.99072
2025 325  0.607085     3.82250   262.76291
2025 326  0.594747     3.82813   263.56625
2025 327  0.581693     3.83321   264.40466
2025 328  0.567894     3.83764   265.28268
2025 329  0.553317     3.84134   266.20575
2025 330  0.537924     3.84416   267.18024
2025 331  0.521672     3.84595   268.21381
2025 332  0.504512     3.84648   269.31583
2025 333  0.486388     3.84546   270.49774
2025 334  0.467233     3.84254   271.77386
2025 335  0.446973     3.83720   273.16248
2025 336  0.425516     3.82875   274.68713
2025 337  0.402754     3.81621   276.37900
2025 338  0.378557     3.79815   278.28046
2025 339  0.352761     3.77245   280.45105
2025 340  0.325165     3.73573   282.97742
2025 341  0.295506     3.68244   285.99222
2025 342  0.263437     3.60269   289.71152
2025 343  0.228485     3.47725   294.51785
2025 344  0.189982     3.26342   301.17343
2025 345  0.146979     2.84602   311.49426
2025 346  0.098476     1.79870   331.33017
2025 347  0.050837    -2.06202    31.55274
2025 348  0.068396    -2.32004   142.11954
2025 349  0.119110    -0.10968   177.54297
2025 350  0.165259     0.86286   192.11891
2025 351  0.206259     1.40445   200.56061
2025 352  0.243192     1.75631   206.30748
2025 353  0.276881     2.00733   210.59334
2025 354  0.307902     2.19783   213.98100
2025 355  0.336671     2.34881   216.76854
2025 356  0.363495     2.47240   219.13072
2025 357  0.388608     2.57611   221.17787
2025 358  0.412196     2.66484   222.98361
2025 359  0.434405     2.74200   224.59933
2025 360  0.455357     2.80997   226.06219
2025 361  0.475153     2.87051   227.39981
2025 362  0.493875     2.92495   228.63329
2025 363  0.511596     2.97430   229.77904
2025 364  0.528378     3.01936   230.85010
2025 365  0.544272     3.06075   231.85696
2026   1  0.559324     3.09900   232.80846
2026   2  0.573578     3.13449   233.71117
2026   3  0.587069     3.16759   234.57129
2026   4  0.599827     3.19857   235.39383
2026   5  0.611882     3.22768   236.18307
2026   6  0.623258     3.25512   236.94269
2026   7  0.633977     3.28106   237.67587
2026   8  0.644061     3.30565   238.38541
2026   9  0.653528     3.32902   239.07378
2026  10  0.662393     3.35129   239.74312
2026  11  0.670672     3.37255   240.39539
2026  12  0.678378     3.39288   241.03230
2026  13  0.685523     3.41238   241.65546
2026  14  0.692118     3.43109   242.26627
2026  15  0.698172     3.44909   242.86603
2026  16  0.703695     3.46642   243.45595
2026  17  0.708693     3.48314   244.03714
2026  18  0.713174     3.49928   244.61061
2026  19  0.717144     3.51489   245.17735
2026  20  0.720608     3.53000   245.73825
2026  21  0.723570     3.54465   246.29420
2026  22  0.726035     3.55885   246.84601
2026  23  0.728006     3.57264   247.39447
2026  24  0.729484     3.58605   247.94035
2026  25  0.730472     3.59908   248.48441
2026  26  0.730972     3.61177   249.02736
2026  27  0.730983     3.62412   249.56995
2026  28  0.730505     3.63616   250.11288
2026  29  0.729539     3.64789   250.65689
2026  30  0.728083     3.65934   251.20273
2026  31  0.726135     3.67050   251.75110
2026  32  0.723692     3.68139   252.30278
2026  33  0.720752     3.69202   252.85849
2026  34  0.717313     3.70238   253.41895
2026  35  0.713374     3.71250   253.98517
2026  36  0.708924     3.72236   254.55821
2026  37  0.703959     3.73199   255.13898
2026  38  0.698469     3.74136   255.72849
2026  39  0.692448     3.75049   256.32779
2026  40  0.685887     3.75936   256.93814
2026  41  0.678776     3.76797   257.56079
2026  42  0.671104     3.77632   258.19717
2026  43  0.662860     3.78438   258.84885
2026  44  0.654030     3.79215   259.51755
2026  45  0.644599     3.79960   260.20520
2026  46  0.634551     3.80670   260.91397
2026  47  0.623869     3.81344   261.64630
2026  48  0.612531     3.81976   262.40497
2026  49  0.600515     3.82562   263.19312
2026  50  0.587797     3.83095   264.01447
2026  51  0.574347     3.83570   264.87323
2026  52  0.560135     3.83975   265.77441
2026  53  0.545125     3.84299   266.72388
2026  54  0.529276     3.84528   267.72870
2026  55  0.512542     3.84642   268.79736
2026  56  0.494871     3.84616   269.94031
2026  57  0.476201     3.84417   271.17041
2026  58  0.456461     3.84003   272.50397
2026  59  0.435569     3.83312   273.96185
2026  60  0.413424     3.82263   275.57132
2026  61  0.389906     3.80735   277.36911
2026  62  0.364869     3.78552   279.40582
2026  63  0.338131     3.75444   281.75388
2026  64  0.309459     3.70973   284.52158
2026  65  0.278549     3.64390   287.87982
2026  66  0.244992     3.54300   292.11902
2026  67  0.208220     3.37804   297.78394
2026  68  0.167421     3.07833   306.05814
2026  69  0.121512     2.42216   320.18878
2026  70  0.070778     0.36909   353.67703
2026  71  0.049382    -3.75703   101.57537
2026  72  0.095993    -0.87784   166.00198
2026  73  0.144744     0.49921   186.62099
2026  74  0.187981     1.19049   197.17874
2026  75  0.226667     1.61305   203.93616
2026  76  0.261765     1.90330   208.79556
2026  77  0.293955     2.11801   212.54597
2026  78  0.323716     2.28510   215.58055
2026  79  0.351402     2.42001   218.12019
2026  80  0.377276     2.53202   220.30009
2026  81  0.401544     2.62705   222.20833
2026  82  0.424369     2.70910   223.90520
2026  83  0.445885     2.78097   225.43364
2026  84  0.466200     2.84467   226.82516
2026  85  0.485405     2.90172   228.10359
2026  86  0.503577     2.95325   229.28731
2026  87  0.520781     3.00015   230.39073
2026  88  0.537076     3.04311   231.42545
2026  89  0.552509     3.08271   232.40083
2026  90  0.567125     3.11938   233.32463
2026  91  0.580960     3.15351   234.20325
2026  92  0.594050     3.18540   235.04213
2026  93  0.606422     3.21531   235.84583
2026  94  0.618105     3.24347   236.61832
2026  95  0.629121     3.27005   237.36298
2026  96  0.639492     3.29522   238.08276
2026  97  0.649238     3.31911   238.78030
2026  98  0.658375     3.34185   239.45786
2026  99  0.666918     3.36354   240.11749
2026 100  0.674883     3.38427   240.76102
2026 101  0.682282     3.40412   241.39008
2026 102  0.689125     3.42317   242.00616
2026 103  0.695423     3.44147   242.61066
2026 104  0.701185     3.45908   243.20476
2026 105  0.706420     3.47606   243.78964
2026 106  0.711135     3.49245   244.36635
2026 107  0.715335     3.50828   244.93590
2026 108  0.719027     3.52360   245.49921
2026 109  0.722215     3.53844   246.05719
2026 110  0.724904     3.55283   246.61066
2026 111  0.727097     3.56680   247.16042
2026 112  0.728797     3.58037   247.70726
2026 113  0.730006     3.59356   248.25195
2026 114  0.730725     3.60639   248.79520
2026 115  0.730956     3.61888   249.33777
2026 116  0.730698     3.63105   249.88039
2026 117  0.729952     3.64291   250.42375
2026 118  0.728716     3.65447   250.96860
2026 119  0.726989     3.66575   251.51570
2026 120  0.724768     3.67676   252.06578
2026 121  0.722051     3.68750   252.61964
2026 122  0.718835     3.69798   253.17809
2026 123  0.715115     3.70820   253.74196
2026 124  0.710885     3.71818   254.31215
2026 125  0.706142     3.72791   254.88959
2026 126  0.700877     3.73739   255.47530
2026 127  0.695085     3.74662   256.07031
2026 128  0.688756     3.75561   256.67584
2026 129  0.681881     3.76433   257.29309
2026 130  0.674451     3.77279   257.92346
2026 131  0.666453     3.78098   258.56839
2026 132  0.657875     3.78888   259.22961
2026 133  0.648703     3.79647   259.90894
2026 134  0.638921     3.80372   260.60840
2026 135  0.628512     3.81062   261.33032
2026 136  0.617457     3.81713   262.07739
2026 137  0.605734     3.82319   262.85254
2026 138  0.593319     3.82876   263.65921
2026 139  0.580186     3.83376   264.50143
2026 140  0.566303     3.83812   265.38379
2026 141  0.551639     3.84173   266.31183
2026 142  0.536153     3.84445   267.29205
2026 143  0.519804     3.84610   268.33228
2026 144  0.502540     3.84648   269.44205
2026 145  0.484305     3.84528   270.63312
2026 146  0.465032     3.84212   271.92023
2026 147  0.444644     3.83648   273.32202
2026 148  0.423047     3.82764   274.86285
2026 149  0.400132     3.81459   276.57492
2026 150  0.375764     3.79582   278.50214
2026 151  0.349778     3.76912   280.70639
2026 152  0.321965     3.73092   283.27832
2026 153  0.292054     3.67534   286.35748
2026 154  0.259687     3.59180   290.17297
2026 155  0.224372     3.45942   295.13519
2026 156  0.185412     3.23107   302.07510
2026 157  0.141824     2.77597   313.02527
2026 158  0.092703     1.58661   334.84744
2026 159  0.047800    -2.75944    44.97196
2026 160  0.074020    -1.95736   148.62526
2026 161  0.124604     0.04144   179.79221
2026 162  0.170130     0.94160   193.32489
2026 163  0.210626     1.45384   201.35313
2026 164  0.247159     1.79090   206.88876
2026 165  0.280523     2.03335   211.04953
2026 166  0.311273     2.21838   214.35568
2026 167  0.339809     2.36563   217.08643
2026 168  0.366428     2.48655   219.40707
2026 169  0.391360     2.58825   221.42265
2026 170  0.414785     2.67544   223.20372
2026 171  0.436846     2.75137   224.79968
2026 172  0.457661     2.81836   226.24638
2026 173  0.477330     2.87809   227.57060
2026 174  0.495935     2.93186   228.79279
2026 175  0.513546     2.98064   229.92894
2026 176  0.530223     3.02521   230.99173
2026 177  0.546018     3.06618   231.99142
2026 178  0.560978     3.10405   232.93640
2026 179  0.575143     3.13923   233.83359
2026 180  0.588547     3.17204   234.68884
2026 181  0.601222     3.20277   235.50703
2026 182  0.613196     3.23165   236.29240
2026 183  0.624495     3.25888   237.04855
2026 184  0.635139     3.28464   237.77863
2026 185  0.645150     3.30906   238.48535
2026 186  0.654545     3.33228   239.17117
2026 187  0.663340     3.35441   239.83823
2026 188  0.671551     3.37554   240.48842
2026 189  0.679189     3.39575   241.12346
2026 190  0.686268     3.41514   241.74492
2026 191  0.692798     3.43375   242.35419
2026 192  0.698789     3.45165   242.95258
2026 193  0.704248     3.46889   243.54126
2026 194  0.709184     3.48553   244.12132
2026 195  0.713603     3.50159   244.69382
2026 196  0.717511     3.51713   245.25967
2026 197  0.720915     3.53217   245.81981
2026 198  0.723816     3.54675   246.37509
2026 199  0.726221     3.56090   246.92633
2026 200  0.728131     3.57463   247.47433
2026 201  0.729550     3.58798   248.01984
2026 202  0.730478     3.60096   248.56360
2026 203  0.730917     3.61360   249.10638
2026 204  0.730868     3.62590   249.64886
2026 205  0.730330     3.63789   250.19180
2026 206  0.729304     3.64958   250.73593
2026 207  0.727786     3.66098   251.28198
2026 208  0.725777     3.67210   251.83069
2026 209  0.723272     3.68296   252.38281
2026 210  0.720270     3.69355   252.93919
2026 211  0.716765     3.70388   253.50064
2026 212  0.712754     3.71397   254.06799
2026 213  0.708231     3.72380   254.64221
2026 214  0.703190     3.73339   255.22427
2026 215  0.697624     3.74273   255.81516
2026 216  0.691525     3.75182   256.41605
2026 217  0.684884     3.76066   257.02811
2026 218  0.677693     3.76924   257.65268
2026 219  0.669939     3.77754   258.29120
2026 220  0.661610     3.78557   258.94522
2026 221  0.652693     3.79329   259.61655
2026 222  0.643174     3.80069   260.30713
2026 223  0.633035     3.80775   261.01917
2026 224  0.622259     3.81443   261.75513
2026 225  0.610824     3.82069   262.51788
2026 226  0.598707     3.82648   263.31061
2026 227  0.585884     3.83173   264.13712
2026 228  0.572326     3.83638   265.00171
2026 229  0.558000     3.84033   265.90948
2026 230  0.542870     3.84345   266.86652
2026 231  0.526895     3.84558   267.88000
2026 232  0.510028     3.84654   268.95877
2026 233  0.492215     3.84606   270.11349
2026 234  0.473394     3.84379   271.35754
2026 235  0.453493     3.83929   272.70770
2026 236  0.432424     3.83193   274.18573
2026 237  0.410087     3.82083   275.82004
2026 238  0.386358     3.80473   277.64899
2026 239  0.361085     3.78176   279.72580
2026 240  0.334081     3.74903   282.12708
2026 241  0.305104     3.70183   284.96805
2026 242  0.273836     3.63200   288.43246
2026 243  0.239851     3.52414   292.83630
2026 244  0.202549     3.34563   298.78323
2026 245  0.161076     3.01452   307.62042
2026 246  0.114340     2.26097   323.21881
2026 247  0.063657    -0.25821     3.02139
2026 248  0.054240    -3.38937   117.43360
2026 249  0.103430    -0.59815   170.24548
2026 250  0.151376     0.62700   188.54552
2026 251  0.193879     1.26411   198.33728
2026 252  0.231990     1.66177   204.74014
2026 253  0.266628     1.93846   209.40199
2026 254  0.298437     2.14488   213.02896
2026 255  0.327877     2.30651   215.98013
2026 256  0.355283     2.43760   218.46022
2026 257  0.380911     2.54682   220.59573
2026 258  0.404960     2.63974   222.46982
2026 259  0.427587     2.72015   224.13971
2026 260  0.448921     2.79072   225.64636
2026 261  0.469069     2.85337   227.02002
2026 262  0.488119     2.90955   228.28355
2026 263  0.506146     2.96035   229.45468
2026 264  0.523215     3.00664   230.54738
2026 265  0.539381     3.04908   231.57286
2026 266  0.554692     3.08822   232.54025
2026 267  0.569192     3.12451   233.45705
2026 268  0.582916     3.15829   234.32953
2026 269  0.595899     3.18988   235.16296
2026 270  0.608169     3.21952   235.96187
2026 271  0.619753     3.24744   236.73007
2026 272  0.630674     3.27380   237.47089
2026 273  0.640953     3.29878   238.18726
2026 274  0.650609     3.32250   238.88171
2026 275  0.659658     3.34508   239.55652
2026 276  0.668117     3.36663   240.21368
2026 277  0.675998     3.38722   240.85498
2026 278  0.683315     3.40695   241.48206
2026 279  0.690078     3.42589   242.09634
2026 280  0.696297     3.44409   242.69922
2026 281  0.701982     3.46161   243.29190
2026 282  0.707141     3.47849   243.87552
2026 283  0.711780     3.49480   244.45111
2026 284  0.715905     3.51056   245.01968
2026 285  0.719524     3.52581   245.58215
2026 286  0.722639     3.54058   246.13940
2026 287  0.725255     3.55491   246.69226
2026 288  0.727376     3.56882   247.24155
2026 289  0.729004     3.58233   247.78801
2026 290  0.730141     3.59547   248.33243
2026 291  0.730789     3.60825   248.87553
2026 292  0.730948     3.62069   249.41806
2026 293  0.730619     3.63282   249.96071
2026 294  0.729801     3.64464   250.50424
2026 295  0.728494     3.65616   251.04938
2026 296  0.726694     3.66740   251.59683
2026 297  0.724402     3.67837   252.14742
2026 298  0.721612     3.68907   252.70187
2026 299  0.718322     3.69951   253.26105
2026 300  0.714528     3.70970   253.82579
2026 301  0.710224     3.71965   254.39697
2026 302  0.705404     3.72934   254.97556
2026 303  0.700063     3.73879   255.56253
2026 304  0.694193     3.74799   256.15900
2026 305  0.687784     3.75693   256.76614
2026 306  0.680829     3.76562   257.38522
2026 307  0.673316     3.77405   258.01758
2026 308  0.665234     3.78219   258.66479
2026 309  0.656570     3.79005   259.32852
2026 310  0.647310     3.79759   260.01065
2026 311  0.637438     3.80480   260.71326
2026 312  0.626936     3.81165   261.43866
2026 313  0.615784     3.81809   262.18964
2026 314  0.603961     3.82409   262.96915
2026 315  0.591443     3.82958   263.78073
2026 316  0.578202     3.83450   264.62851
2026 317  0.564208     3.83876   265.51718
2026 318  0.549425     3.84225   266.45239
2026 319  0.533817     3.84483   267.44086
2026 320  0.517336     3.84631   268.49057
2026 321  0.499934     3.84648   269.61142
2026 322  0.481552     3.84503   270.81555
2026 323  0.462121     3.84155   272.11810
2026 324  0.441561     3.83549   273.53857
2026 325  0.419779     3.82612   275.10217
2026 326  0.396661     3.81233   276.84259
2026 327  0.372067     3.79258   278.80591
2026 328  0.345828     3.76446   281.05737
2026 329  0.317726     3.72418   283.69324
2026 330  0.287480     3.66534   286.86285
2026 331  0.254716     3.57633   290.81421
2026 332  0.218917     3.43388   295.99835
2026 333  0.179348     3.18407   303.34937
2026 334  0.134986     2.67136   315.23660
2026 335  0.085145     1.25247   340.20331
2026 336  0.045891    -3.49531    64.46956
2026 337  0.081515    -1.53808   155.64142
2026 338  0.131626     0.21454   182.37143
2026 339  0.176346     1.03310   194.73627
2026 340  0.216201     1.51139   202.28398
2026 341  0.252228     1.83109   207.56938
2026 342  0.285179     2.06340   211.58040
2026 343  0.315582     2.24193   214.78838
2026 344  0.343821     2.38474   217.45053
2026 345  0.370181     2.50247   219.72090
2026 346  0.394882     2.60180   221.69832
2026 347  0.418098     2.68717   223.44954
2026 348  0.439970     2.76167   225.02162
2026 349  0.460612     2.82750   226.44885
2026 350  0.480120     2.88629   227.75694
2026 351  0.498575     2.93927   228.96561
2026 352  0.516046     2.98739   230.09026
2026 353  0.532591     3.03140   231.14319
2026 354  0.548261     3.07189   232.13437
2026 355  0.563102     3.10935   233.07191
2026 356  0.577153     3.14416   233.96262
2026 357  0.590449     3.17665   234.81212
2026 358  0.603020     3.20710   235.62524
2026 359  0.614894     3.23572   236.40610
2026 360  0.626095     3.26273   237.15823
2026 361  0.636645     3.28829   237.88470
2026 362  0.646565     3.31253   238.58821
2026 363  0.655871     3.33558   239.27115
2026 364  0.664580     3.35756   239.93559
2026 365  0.672706     3.37855   240.58345
2027   1  0.680259     3.39864   241.21666
2027   2  0.687257     3.41791   241.83624
2027   3  0.693708     3.43641   242.44382
2027   4  0.699620     3.45422   243.04070
2027   5  0.705002     3.47137   243.62804
2027   6  0.709862     3.48792   244.20691
2027   7  0.714206     3.50391   244.77837
2027   8  0.718041     3.51937   245.34332
2027   9  0.721370     3.53434   245.90268
2027  10  0.724199     3.54886   246.45731
2027  11  0.726531     3.56294   247.00803
2027  12  0.728369     3.57662   247.55559
2027  13  0.729716     3.58991   248.10078
2027  14  0.730573     3.60284   248.64435
2027  15  0.730940     3.61543   249.18701
2027  16  0.730820     3.62769   249.72952
2027  17  0.730211     3.63964   250.27258
2027  18  0.729113     3.65129   250.81693
2027  19  0.727524     3.66265   251.36330
2027  20  0.725442     3.67373   251.91245
2027  21  0.722865     3.68454   252.46515
2027  22  0.719789     3.69510   253.02220
2027  23  0.716211     3.70540   253.58444
2027  24  0.712125     3.71544   254.15274
2027  25  0.707527     3.72524   254.72803
2027  26  0.702409     3.73480   255.31129
2027  27  0.696766     3.74410   255.90356
2027  28  0.690589     3.75316   256.50598
2027  29  0.683868     3.76196   257.11981
2027  30  0.676595     3.77050   257.74631
2027  31  0.668758     3.77876   258.38696
2027  32  0.660344     3.78675   259.04340
2027  33  0.651340     3.79442   259.71741
2027  34  0.641732     3.80178   260.41098
2027  35  0.631501     3.80878   261.12634
2027  36  0.620629     3.81540   261.86603
2027  37  0.609096     3.82160   262.63293
2027  38  0.596878     3.82732   263.43036
2027  39  0.583950     3.83249   264.26212
2027  40  0.570281     3.83705   265.13266
2027  41  0.555840     3.84088   266.04724
2027  42  0.540589     3.84386   267.01202
2027  43  0.524487     3.84584   268.03448
2027  44  0.507486     3.84661   269.12360
2027  45  0.489530     3.84589   270.29047
2027  46  0.470556     3.84333   271.54883
2027  47  0.450489     3.83846   272.91620
2027  48  0.429242     3.83061   274.41507
2027  49  0.406710     3.81887   276.07513
2027  50  0.382766     3.80191   277.93652
2027  51  0.357253     3.77773   280.05524
2027  52  0.329977     3.74324   282.51233
2027  53  0.300687     3.69336   285.43073
2027  54  0.269052     3.61918   289.00821
2027  55  0.234625     3.50368   293.58957
2027  56  0.196774     3.30997   299.84589
2027  57  0.154602     2.94249   309.31937
2027  58  0.107031     2.06953   326.67044
2027  59  0.057086    -1.02775    14.65455
2027  60  0.060387    -2.89583   130.38681
2027  61  0.110786    -0.35275   173.92612
2027  62  0.157902     0.74365   190.31056
2027  63  0.199693     1.33300   199.42776
2027  64  0.237247     1.70806   205.50780
2027  65  0.271437     1.97217   209.98622
2027  66  0.302874     2.17084   213.49706
2027  67  0.331998     2.32729   216.36908
2027  68  0.359130     2.45475   218.79227
2027  69  0.384516     2.56129   220.88518
2027  70  0.408348     2.65218   222.72633
2027  71  0.430779     2.73101   224.37013
2027  72  0.451934     2.80032   225.85570
2027  73  0.471916     2.86195   227.21198
2027  74  0.490812     2.91728   228.46101
2027  75  0.508695     2.96738   229.61989
2027  76  0.525628     3.01307   230.70213
2027  77  0.541667     3.05500   231.71860
2027  78  0.556857     3.09370   232.67816
2027  79  0.571241     3.12959   233.58812
2027  80  0.584856     3.16304   234.45459
2027  81  0.597733     3.19433   235.28271
2027  82  0.609901     3.22371   236.07690
2027  83  0.621387     3.25139   236.84090
2027  84  0.632213     3.27754   237.57797
2027  85  0.642399     3.30233   238.29099
2027  86  0.651965     3.32588   238.98244
2027  87  0.660928     3.34830   239.65454
2027  88  0.669301     3.36970   240.30927
2027  89  0.677099     3.39017   240.94839
2027  90  0.684334     3.40978   241.57349
2027  91  0.691018     3.42860   242.18604
2027  92  0.697158     3.44670   242.78734
2027  93  0.702766     3.46412   243.37860
2027  94  0.707848     3.48093   243.96097
2027  95  0.712412     3.49715   244.53548
2027  96  0.716463     3.51283   245.10309
2027  97  0.720008     3.52801   245.66473
2027  98  0.723050     3.54272   246.22128
2027  99  0.725594     3.55698   246.77356
2027 100  0.727642     3.57083   247.32237
2027 101  0.729198     3.58429   247.86850
2027 102  0.730264     3.59737   248.41266
2027 103  0.730841     3.61011   248.95563
2027 104  0.730929     3.62250   249.49811
2027 105  0.730528     3.63458   250.04083
2027 106  0.729639     3.64636   250.58453
2027 107  0.728259     3.65784   251.12994
2027 108  0.726388     3.66904   251.67780
2027 109  0.724023     3.67997   252.22888
2027 110  0.721161     3.69063   252.78395
2027 111  0.717797     3.70104   253.34386
2027 112  0.713929     3.71119   253.90945
2027 113  0.709550     3.72110   254.48163
2027 114  0.704655     3.73076   255.06133
2027 115  0.699237     3.74017   255.64960
2027 116  0.693288     3.74933   256.24750
2027 117  0.686801     3.75824   256.85626
2027 118  0.679765     3.76689   257.47711
2027 119  0.672169     3.77528   258.11148
2027 120  0.664003     3.78338   258.76093
2027 121  0.655254     3.79119   259.42712
2027 122  0.645905     3.79869   260.11200
2027 123  0.635943     3.80585   260.81766
2027 124  0.625347     3.81264   261.54654
2027 125  0.614100     3.81902   262.30133
2027 126  0.602178     3.82495   263.08521
2027 127  0.589556     3.83037   263.90170
2027 128  0.576208     3.83520   264.75500
2027 129  0.562101     3.83935   265.64996
2027 130  0.547201     3.84272   266.59235
2027 131  0.531468     3.84515   267.58905
2027 132  0.514857     3.84647   268.64838
2027 133  0.497317     3.84642   269.78040
2027 134  0.478786     3.84470   270.99765
2027 135  0.459196     3.84089   272.31589
2027 136  0.438464     3.83442   273.75528
2027 137  0.416495     3.82448   275.34210
2027 138  0.393171     3.80995   277.11154
2027 139  0.368349     3.78916   279.11197
2027 140  0.341852     3.75957   281.41223
2027 141  0.313457     3.71708   284.11456
2027 142  0.282869     3.65477   287.37903
2027 143  0.249698     3.55987   291.47452
2027 144  0.213400     3.40636   296.89786
2027 145  0.173200     3.13233   304.70303
2027 146  0.128040     2.55151   317.67072
2027 147  0.077615     0.84085   346.57272
2027 148  0.046562    -3.83374    84.48097
2027 149  0.089055    -1.17163   161.47267
2027 150  0.138510     0.37044   184.69891
2027 151  0.182450     1.11841   196.05977
2027 152  0.221687     1.56620   203.17551
2027 153  0.257224     1.86993   208.23016
2027 154  0.289774     2.09273   212.10080
2027 155  0.319840     2.26511   215.21570
2027 156  0.347788     2.40369   217.81226
2027 157  0.373893     2.51835   220.03426
2027 158  0.398367     2.61538   221.97472
2027 159  0.421378     2.69897   223.69693
2027 160  0.443063     2.77206   225.24571
2027 161  0.463534     2.83676   226.65390
2027 162  0.482883     2.89462   227.94615
2027 163  0.501189     2.94682   229.14148
2027 164  0.518520     2.99429   230.25481
2027 165  0.534934     3.03774   231.29800
2027 166  0.550480     3.07775   232.28073
2027 167  0.565203     3.11479   233.21091
2027 168  0.579140     3.14924   234.09515
2027 169  0.592328     3.18141   234.93893
2027 170  0.604794     3.21157   235.74701
2027 171  0.616567     3.23994   236.52338
2027 172  0.627671     3.26672   237.27147
2027 173  0.638128     3.29207   237.99434
2027 174  0.647955     3.31612   238.69463
2027 175  0.657172     3.33901   239.37465
2027 176  0.665794     3.36083   240.03650
2027 177  0.673835     3.38168   240.68199
2027 178  0.681308     3.40164   241.31284
2027 179  0.688225     3.42079   241.93050
2027 180  0.694595     3.43919   242.53638
2027 181  0.700428     3.45689   243.13174
2027 182  0.705732     3.47395   243.71771
2027 183  0.710515     3.49041   244.29539
2027 184  0.714783     3.50631   244.86578
2027 185  0.718542     3.52170   245.42981
2027 186  0.721797     3.53660   245.98840
2027 187  0.724551     3.55105   246.54236
2027 188  0.726810     3.56507   247.09250
2027 189  0.728574     3.57869   247.63965
2027 190  0.729848     3.59193   248.18451
2027 191  0.730631     3.60480   248.72787
2027 192  0.730926     3.61734   249.27045
2027 193  0.730733     3.62955   249.81296
2027 194  0.730050     3.64145   250.35612
2027 195  0.728879     3.65305   250.90070
2027 196  0.727216     3.66437   251.44739
2027 197  0.725060     3.67541   251.99699
2027 198  0.722408     3.68619   252.55026
2027 199  0.719257     3.69670   253.10800
2027 200  0.715603     3.70696   253.67105
2027 201  0.711441     3.71697   254.24033
2027 202  0.706765     3.72674   254.81671
2027 203  0.701568     3.73625   255.40121
2027 204  0.695845     3.74552   255.99490
2027 205  0.689586     3.75454   256.59894
2027 206  0.682783     3.76330   257.21451
2027 207  0.675425     3.77180   257.84302
2027 208  0.667502     3.78002   258.48590
2027 209  0.659000     3.78796   259.14484
2027 210  0.649906     3.79559   259.82162
2027 211  0.640204     3.80290   260.51828
2027 212  0.629877     3.80985   261.23709
2027 213  0.618907     3.81641   261.98065
2027 214  0.607271     3.82253   262.75189
2027 215  0.594947     3.82817   263.55420
2027 216  0.581908     3.83326   264.39145
2027 217  0.568124     3.83772   265.26825
2027 218  0.553562     3.84143   266.18994
2027 219  0.538185     3.84428   267.16290
2027 220  0.521949     3.84609   268.19476
2027 221  0.504806     3.84665   269.29480
2027 222  0.486699     3.84568   270.47452
2027 223  0.467564     3.84281   271.74811
2027 224  0.447323     3.83754   273.13379
2027 225  0.425887     3.82918   274.65491
2027 226  0.403148     3.81675   276.34256
2027 227  0.378975     3.79884   278.23886
2027 228  0.353206     3.77334   280.40292
2027 229  0.325640     3.73692   282.92081
2027 230  0.296015     3.68407   285.92410
2027 231  0.263986     3.60502   289.62692
2027 232  0.229080     3.48078   294.40781
2027 233  0.190633     3.26930   301.01929
2027 234  0.147699     2.85757   311.24854
2027 235  0.099262     1.82952   330.81900
2027 236  0.051279    -1.96189    29.80984
2027 237  0.067626    -2.36588   141.26849
2027 238  0.118376    -0.12568   177.31268
2027 239  0.164624     0.85625   192.02507
2027 240  0.205699     1.40128   200.51662
2027 241  0.242689     1.75472   206.28722
2027 242  0.276423     2.00657   210.58624
2027 243  0.307482     2.19755   213.98192
2027 244  0.336282     2.34884   216.77469
2027 245  0.363133     2.47262   219.14043
2027 246  0.388269     2.57645   221.19006
2027 247  0.411877     2.66527   222.99762
2027 248  0.434104     2.74248   224.61467
2027 249  0.455073     2.81049   226.07851
2027 250  0.474883     2.87106   227.41685
2027 251  0.493619     2.92551   228.65088
2027 252  0.511352     2.97487   229.79704
2027 253  0.528145     3.01994   230.86839
2027 254  0.544050     3.06133   231.87546
2027 255  0.559113     3.09957   232.82684
2027 256  0.573376     3.13506   233.72964
2027 257  0.586875     3.16815   234.58981
2027 258  0.599641     3.19913   235.41235
2027 259  0.611703     3.22823   236.20157
2027 260  0.623085     3.25566   236.96115
2027 261  0.633811     3.28159   237.69427
2027 262  0.643900     3.30617   238.40375
2027 263  0.653372     3.32953   239.09201
2027 264  0.662242     3.35179   239.76125
2027 265  0.670526     3.37304   240.41339
2027 266  0.678236     3.39337   241.05020
2027 267  0.685385     3.41285   241.67322
2027 268  0.691983     3.43155   242.28391
2027 269  0.698040     3.44954   242.88353
2027 270  0.703566     3.46686   243.47331
2027 271  0.708567     3.48357   244.05435
2027 272  0.713050     3.49970   244.62769
2027 273  0.717022     3.51531   245.19427
2027 274  0.720488     3.53041   245.75504
2027 275  0.723453     3.54504   246.31085
2027 276  0.725919     3.55924   246.86250
2027 277  0.727891     3.57303   247.41081
2027 278  0.729370     3.58642   247.95654
2027 279  0.730359     3.59945   248.50046
2027 280  0.730860     3.61213   249.04327
2027 281  0.730871     3.62447   249.58572
2027 282  0.730394     3.63650   250.12854
2027 283  0.729428     3.64823   250.67242
2027 284  0.727972     3.65967   251.21814
2027 285  0.726023     3.67083   251.76645
2027 286  0.723580     3.68171   252.31808
2027 287  0.720639     3.69234   252.87384
2027 288  0.717197     3.70270   253.43457
2027 289  0.713249     3.71282   254.00113
2027 290  0.708789     3.72268   254.57442
2027 291  0.703812     3.73230   255.15540
2027 292  0.698311     3.74168   255.74512
2027 293  0.692278     3.75080   256.34467
2027 294  0.685705     3.75967   256.95523
2027 295  0.678581     3.76828   257.57816
2027 296  0.670896     3.77663   258.21484
2027 297  0.662639     3.78469   258.86682
2027 298  0.653795     3.79245   259.53589
2027 299  0.644350     3.79990   260.22394
2027 300  0.634288     3.80700   260.93317
2027 301  0.623591     3.81373   261.66602
2027 302  0.612237     3.82004   262.42529
2027 303  0.600205     3.82590   263.21411
2027 304  0.587470     3.83123   264.03619
2027 305  0.574002     3.83596   264.89581
2027 306  0.559771     3.84000   265.79797
2027 307  0.544741     3.84323   266.74857
2027 308  0.528871     3.84550   267.75470
2027 309  0.512116     3.84661   268.82489
2027 310  0.494421     3.84633   269.96964
2027 311  0.475726     3.84431   271.20187
2027 312  0.455959     3.84012   272.53802
2027 313  0.435037     3.83315   273.99902
2027 314  0.412859     3.82257   275.61243
2027 315  0.389306     3.80717   277.41513
2027 316  0.364229     3.78518   279.45819
2027 317  0.337446     3.75386   281.81476
2027 318  0.308722     3.70877   284.59424
2027 319  0.277751     3.64233   287.96957
2027 320  0.244121     3.54035   292.23529
2027 321  0.207258     3.37327   297.94571
2027 322  0.166343     3.06865   306.31024
2027 323  0.120289     2.39736   320.67313
2027 324  0.069521     0.27214   355.13257
2027 325  0.050088    -3.70977   104.53848
2027 326  0.097281    -0.82600   166.80162
2027 327  0.145900     0.52281   186.98308
2027 328  0.189010     1.20410   197.39917
2027 329  0.227596     1.62210   204.09154
2027 330  0.262614     1.90987   208.91478
2027 331  0.294738     2.12307   212.64258
2027 332  0.324443     2.28916   215.66185
2027 333  0.352080     2.42338   218.19054
2027 334  0.377911     2.53487   220.36223
2027 335  0.402140     2.62951   222.26413
2027 336  0.424931     2.71126   223.95598
2027 337  0.446415     2.78289   225.48033
2027 338  0.466700     2.84640   226.86850
2027 339  0.485878     2.90329   228.14410
2027 340  0.504024     2.95468   229.32542
2027 341  0.521205     3.00147   230.42680
2027 342  0.537476     3.04434   231.45973
2027 343  0.552888     3.08384   232.43358
2027 344  0.567483     3.12044   233.35602
2027 345  0.581298     3.15451   234.23343
2027 346  0.594368     3.18634   235.07124
2027 347  0.606722     3.21621   235.87399
2027 348  0.618387     3.24432   236.64563
2027 349  0.629386     3.27086   237.38950
2027 350  0.639741     3.29599   238.10861
2027 351  0.649470     3.31985   238.80551
2027 352  0.658591     3.34256   239.48251
2027 353  0.667119     3.36423   240.14163
2027 354  0.675068     3.38493   240.78470
2027 355  0.682451     3.40476   241.41333
2027 356  0.689280     3.42378   242.02905
2027 357  0.695563     3.44207   242.63318
2027 358  0.701311     3.45966   243.22696
2027 359  0.706532     3.47662   243.81155
2027 360  0.711232     3.49300   244.38803
2027 361  0.715418     3.50882   244.95734
2027 362  0.719096     3.52413   245.52046
2027 363  0.722271     3.53896   246.07825
2027 364  0.724946     3.55334   246.63156
2027 365  0.727125     3.56729   247.18121
2028   1  0.728809     3.58085   247.72820
2028   2  0.730004     3.59403   248.27280
2028   3  0.730710     3.60685   248.81598
2028   4  0.730927     3.61934   249.35851
2028   5  0.730655     3.63150   249.90109
2028   6  0.729895     3.64335   250.44446
2028   7  0.728645     3.65491   250.98932
2028   8  0.726903     3.66618   251.53645
2028   9  0.724669     3.67718   252.08659
2028  10  0.721938     3.68792   252.64053
2028  11  0.718707     3.69839   253.19908
2028  12  0.714972     3.70861   253.76309
2028  13  0.710728     3.71858   254.33344
2028  14  0.705969     3.72831   254.91107
2028  15  0.700689     3.73778   255.49698
2028  16  0.694881     3.74701   256.09229
2028  17  0.688536     3.75599   256.69806
2028  18  0.681645     3.76471   257.31564
2028  19  0.674198     3.77317   257.94635
2028  20  0.666183     3.78135   258.59171
2028  21  0.657587     3.78924   259.25339
2028  22  0.648397     3.79682   259.93323
2028  23  0.638597     3.80407   260.63327
2028  24  0.628169     3.81096   261.35590
2028  25  0.617094     3.81746   262.10367
2028  26  0.605350     3.82351   262.87964
2028  27  0.592914     3.82907   263.68729
2028  28  0.579758     3.83406   264.53058
2028  29  0.565853     3.83841   265.41418
2028  30  0.551164     3.84199   266.34363
2028  31  0.535652     3.84469   267.32544
2028  32  0.519275     3.84632   268.36755
2028  33  0.501983     3.84665   269.47955
2028  34  0.483716     3.84541   270.67322
2028  35  0.464410     3.84219   271.96341
2028  36  0.443985     3.83648   273.36899
2028  37  0.422349     3.82754   274.91443
2028  38  0.399391     3.81434   276.63226
2028  39  0.374975     3.79539   278.56683
2028  40  0.348935     3.76841   280.78076
2028  41  0.321060     3.72981   283.36578
2028  42  0.291077     3.67358   286.46350
2028  43  0.258625     3.58895   290.30688
2028  44  0.223206     3.45455   295.31464
2028  45  0.184115     3.22191   302.33847
2028  46  0.140361     2.75537   313.47791
2028  47  0.091071     1.52132   335.91907
2028  48  0.047169    -2.94199    49.03151
2028  49  0.075626    -1.86145   150.27968
2028  50  0.126134     0.08110   180.39034
2028  51  0.171486     0.96245   193.65273
2028  52  0.211841     1.46695   201.57126
2028  53  0.248263     1.80008   207.05013
2028  54  0.281537     2.04024   211.17702
2028  55  0.312211     2.22380   214.46097
2028  56  0.340681     2.37006   217.17621
2028  57  0.367244     2.49025   219.48546
2028  58  0.392125     2.59142   221.49239
2028  59  0.415504     2.67820   223.26666
2028  60  0.437523     2.75381   224.85718
2028  61  0.458301     2.82054   226.29942
2028  62  0.477934     2.88006   227.61995
2028  63  0.496506     2.93365   228.83902
2028  64  0.514085     2.98228   229.97252
2028  65  0.530733     3.02672   231.03304
2028  66  0.546501     3.06759   232.03075
2028  67  0.561435     3.10536   232.97398
2028  68  0.575574     3.14046   233.86966
2028  69  0.588954     3.17319   234.72354
2028  70  0.601606     3.20386   235.54056
2028  71  0.613557     3.23268   236.32486
2028  72  0.624834     3.25987   237.08005
2028  73  0.635457     3.28557   237.80925
2028  74  0.645447     3.30996   238.51521
2028  75  0.654822     3.33314   239.20033
2028  76  0.663598     3.35523   239.86676
2028  77  0.671789     3.37633   240.51636
2028  78  0.679410     3.39652   241.15091
2028  79  0.686470     3.41587   241.77188
2028  80  0.692982     3.43446   242.38074
2028  81  0.698954     3.45234   242.97873
2028  82  0.704396     3.46956   243.56708
2028  83  0.709314     3.48618   244.14685
2028  84  0.713716     3.50223   244.71906
2028  85  0.717608     3.51775   245.28468
2028  86  0.720994     3.53278   245.84460
2028  87  0.723879     3.54734   246.39972
2028  88  0.726266     3.56147   246.95081
2028  89  0.728160     3.57520   247.49867
2028  90  0.729561     3.58853   248.04407
2028  91  0.730473     3.60150   248.58777
2028  92  0.730895     3.61413   249.13049
2028  93  0.730829     3.62643   249.67297
2028  94  0.730275     3.63841   250.21591
2028  95  0.729231     3.65009   250.76007
2028  96  0.727697     3.66148   251.30615
2028  97  0.725670     3.67259   251.85495
2028  98  0.723148     3.68344   252.40720
2028  99  0.720128     3.69402   252.96371
2028 100  0.716606     3.70435   253.52531
2028 101  0.712577     3.71443   254.09288
2028 102  0.708036     3.72425   254.66733
2028 103  0.702976     3.73384   255.24963
2028 104  0.697392     3.74317   255.84085
2028 105  0.691274     3.75225   256.44208
2028 106  0.684614     3.76109   257.05453
2028 107  0.677402     3.76966   257.67957
2028 108  0.669628     3.77795   258.31857
2028 109  0.661278     3.78597   258.97314
2028 110  0.652340     3.79368   259.64511
2028 111  0.642799     3.80108   260.33640
2028 112  0.632638     3.80813   261.04922
2028 113  0.621838     3.81479   261.78607
2028 114  0.610378     3.82104   262.54980
2028 115  0.598237     3.82681   263.34366
2028 116  0.585387     3.83205   264.17139
2028 117  0.571801     3.83668   265.03741
2028 118  0.557447     3.84060   265.94684
2028 119  0.542287     3.84369   266.90576
2028 120  0.526280     3.84579   267.92145
2028 121  0.509379     3.84671   269.00272
2028 122  0.491531     3.84617   270.16040
2028 123  0.472671     3.84384   271.40793
2028 124  0.452728     3.83925   272.76233
2028 125  0.431614     3.83177   274.24545
2028 126  0.409228     3.82052   275.88611
2028 127  0.385444     3.80422   277.72302
2028 128  0.360111     3.78096   279.81018
2028 129  0.333038     3.74781   282.22522
2028 130  0.303981     3.69996   285.08530
2028 131  0.272620     3.62908   288.57758
2028 132  0.238523     3.51937   293.02512
2028 133  0.201082     3.33720   299.04782
2028 134  0.159431     2.99737   308.03955
2028 135  0.112478     2.21572   324.05557
2028 136  0.061900    -0.44100     5.75817
2028 137  0.055712    -3.26878   121.03844
2028 138  0.105326    -0.53172   171.25153
2028 139  0.153061     0.65829   189.02391
2028 140  0.195379     1.28252   198.63351
2028 141  0.233345     1.67414   204.95003
2028 142  0.267867     1.94748   209.56308
2028 143  0.299580     2.15185   213.15923
2028 144  0.328937     2.31211   216.08943
2028 145  0.356273     2.44224   218.55444
2028 146  0.381838     2.55075   220.67867
2028 147  0.405830     2.64314   222.54402
2028 148  0.428406     2.72313   224.20699
2028 149  0.449694     2.79337   225.70804
2028 150  0.469798     2.85575   227.07707
2028 151  0.488808     2.91171   228.33673
2028 152  0.506797     2.96232   229.50459
2028 153  0.523830     3.00845   230.59450
2028 154  0.539963     3.05076   231.61757
2028 155  0.555243     3.08978   232.58286
2028 156  0.569712     3.12596   233.49780
2028 157  0.583408     3.15966   234.36868
2028 158  0.596363     3.19117   235.20068
2028 159  0.608606     3.22074   235.99829
2028 160  0.620164     3.24859   236.76535
2028 161  0.631060     3.27491   237.50516
2028 162  0.641314     3.29983   238.22061
2028 163  0.650946     3.32351   238.91425
2028 164  0.659972     3.34605   239.58832
2028 165  0.668408     3.36755   240.24480
2028 166  0.676267     3.38812   240.88550
2028 167  0.683562     3.40781   241.51202
2028 168  0.690303     3.42672   242.12582
2028 169  0.696502     3.44489   242.72827
2028 170  0.702166     3.46238   243.32054
2028 171  0.707303     3.47925   243.90379
2028 172  0.711922     3.49553   244.47908
2028 173  0.716028     3.51127   245.04738
2028 174  0.719626     3.52651   245.60962
2028 175  0.722721     3.54126   246.16666
2028 176  0.725318     3.55557   246.71935
2028 177  0.727419     3.56947   247.26848
2028 178  0.729027     3.58296   247.81485
2028 179  0.730145     3.59609   248.35918
2028 180  0.730773     3.60886   248.90222
2028 181  0.730912     3.62129   249.44473
2028 182  0.730563     3.63340   249.98740
2028 183  0.729726     3.64521   250.53094
2028 184  0.728398     3.65672   251.07614
2028 185  0.726579     3.66795   251.62372
2028 186  0.724266     3.67891   252.17441
2028 187  0.721456     3.68960   252.72903
2028 188  0.718145     3.70004   253.28841
2028 189  0.714330     3.71022   253.85336
2028 190  0.710005     3.72015   254.42480
2028 191  0.705164     3.72984   255.00369
2028 192  0.699801     3.73928   255.59103
2028 193  0.693908     3.74847   256.18790
2028 194  0.687477     3.75741   256.79547
2028 195  0.680499     3.76609   257.41504
2028 196  0.672963     3.77450   258.04797
2028 197  0.664856     3.78264   258.69580
2028 198  0.656168     3.79048   259.36023
2028 199  0.646882     3.79801   260.04312
2028 200  0.636983     3.80521   260.74658
2028 201  0.626454     3.81204   261.47296
2028 202  0.615275     3.81847   262.22501
2028 203  0.603423     3.82445   263.00577
2028 204  0.590874     3.82993   263.81873
2028 205  0.577602     3.83482   264.66806
2028 206  0.563575     3.83906   265.55853
2028 207  0.548758     3.84251   266.49579
2028 208  0.533112     3.84505   267.48657
2028 209  0.516594     3.84649   268.53906
2028 210  0.499151     3.84660   269.66309
2028 211  0.480724     3.84508   270.87097
2028 212  0.461246     3.84151   272.17804
2028 213  0.440636     3.83534   273.60394
2028 214  0.418798     3.82581   275.17426
2028 215  0.395618     3.81182   276.92307
2028 216  0.370957     3.79177   278.89713
2028 217  0.344642     3.76324   281.16272
2028 218  0.316452     3.72234   283.81784
2028 219  0.286105     3.66251   287.01492
2028 220  0.253219     3.57182   291.00803
2028 221  0.217271     3.42623   296.26120
2028 222  0.177514     3.16956   303.74255
2028 223  0.132913     2.63781   315.93594
2028 224  0.082873     1.13890   341.98828
2028 225  0.045806    -3.64537    70.53858
2028 226  0.083780    -1.42181   157.52336
2028 227  0.133712     0.26373   183.11093
2028 228  0.178196     1.05988   195.15634
2028 229  0.217862     1.52859   202.56822
2028 230  0.253740     1.84329   207.78152
2028 231  0.286569     2.07264   211.74879
2028 232  0.316870     2.24926   214.92783
2028 233  0.345020     2.39075   217.56958
2028 234  0.371302     2.50753   219.82492
2028 235  0.395933     2.60614   221.79083
2028 236  0.419087     2.69096   223.53300
2028 237  0.440902     2.76502   225.09782
2028 238  0.461492     2.83050   226.51912
2028 239  0.480951     2.88900   227.82227
2028 240  0.499361     2.94174   229.02675
2028 241  0.516788     2.98966   230.14784
2028 242  0.533293     3.03350   231.19774
2028 243  0.548925     3.07384   232.18625
2028 244  0.563730     3.11116   233.12149
2028 245  0.577746     3.14586   234.01013
2028 246  0.591008     3.17825   234.85783
2028 247  0.603547     3.20861   235.66937
2028 248  0.615389     3.23716   236.44879
2028 249  0.626560     3.26409   237.19965
2028 250  0.637081     3.28958   237.92496
2028 251  0.646972     3.31377   238.62744
2028 252  0.656250     3.33677   239.30945
2028 253  0.664932     3.35869   239.97305
2028 254  0.673031     3.37964   240.62016
2028 255  0.680561     3.39969   241.25244
2028 256  0.687534     3.41892   241.87140
2028 257  0.693959     3.43740   242.47842
2028 258  0.699846     3.45517   243.07481
2028 259  0.705203     3.47229   243.66171
2028 260  0.710039     3.48881   244.24020
2028 261  0.714358     3.50478   244.81131
2028 262  0.718169     3.52022   245.37596
2028 263  0.721474     3.53517   245.93506
2028 264  0.724279     3.54966   246.48947
2028 265  0.726588     3.56373   247.04001
2028 266  0.728402     3.57739   247.58743
2028 267  0.729725     3.59067   248.13251
2028 268  0.730558     3.60358   248.67601
2028 269  0.730902     3.61615   249.21864
2028 270  0.730758     3.62840   249.76114
2028 271  0.730125     3.64033   250.30424
2028 272  0.729003     3.65197   250.84866
2028 273  0.727390     3.66331   251.39514
2028 274  0.725284     3.67439   251.94443
2028 275  0.722682     3.68519   252.49731
2028 276  0.719582     3.69573   253.05460
2028 277  0.715978     3.70602   253.61710
2028 278  0.711867     3.71606   254.18573
2028 279  0.707243     3.72585   254.76138
2028 280  0.702100     3.73539   255.34505
2028 281  0.696429     3.74468   255.93779
2028 282  0.690225     3.75373   256.54074
2028 283  0.683477     3.76252   257.15515
2028 284  0.676175     3.77105   257.78229
2028 285  0.668309     3.77930   258.42371
2028 286  0.659866     3.78727   259.08099
2028 287  0.650832     3.79494   259.75592
2028 288  0.641191     3.80228   260.45053
2028 289  0.630928     3.80927   261.16705
2028 290  0.620023     3.81587   261.90802
2028 291  0.608455     3.82204   262.67639
2028 292  0.596201     3.82774   263.47543
2028 293  0.583235     3.83289   264.30905
2028 294  0.569527     3.83741   265.18170
2028 295  0.555045     3.84121   266.09869
2028 296  0.539751     3.84415   267.06622
2028 297  0.523603     3.84608   268.09186
2028 298  0.506553     3.84678   269.18469
2028 299  0.488546     3.84598   270.35590
2028 300  0.469516     3.84332   271.61945
2028 301  0.449390     3.83832   272.99298
2028 302  0.428077     3.83031   274.49942
2028 303  0.405474     3.81834   276.16882
2028 304  0.381451     3.80107   278.04208
2028 305  0.355850     3.77645   280.17621
2028 306  0.328474     3.74132   282.65393
2028 307  0.299068     3.69045   285.60107
2028 308  0.267297     3.61465   289.22098
2028 309  0.232704     3.49624   293.86963
2028 310  0.194648     3.29664   300.24512
2028 311  0.152213     2.91463   309.96954
2028 312  0.104335     1.99176   328.04233
2028 313  0.054900    -1.34117    19.56355
2028 314  0.062838    -2.70828   134.47835
2028 315  0.113448    -0.26990   175.16977
2028 316  0.160261     0.78433   190.93462
2028 317  0.201800     1.35755   199.82385
2028 318  0.239155     1.72480   205.79211
2028 319  0.273184     1.98452   210.20604
2028 320  0.304488     2.18043   213.67561
2028 321  0.333498     2.33504   216.51929
2028 322  0.360530     2.46118   218.92194
2028 323  0.385829     2.56676   220.99940
2028 324  0.409581     2.65692   222.82855
2028 325  0.431940     2.73517   224.46281
2028 326  0.453029     2.80402   225.94061
2028 327  0.472951     2.86527   227.29048
2028 328  0.491790     2.92030   228.53415
2028 329  0.509620     2.97013   229.68849
2028 330  0.526504     3.01560   230.76683
2028 331  0.542495     3.05734   231.77994
2028 332  0.557640     3.09588   232.73657
2028 333  0.571981     3.13163   233.64397
2028 334  0.585554     3.16495   234.50818
2028 335  0.598392     3.19613   235.33430
2028 336  0.610522     3.22541   236.12671
2028 337  0.621971     3.25300   236.88911
2028 338  0.632761     3.27908   237.62477
2028 339  0.642913     3.30379   238.33652
2028 340  0.652445     3.32728   239.02682
2028 341  0.661374     3.34964   239.69789
2028 342  0.669715     3.37099   240.35168
2028 343  0.677482     3.39141   240.98997
2028 344  0.684686     3.41097   241.61432
2028 345  0.691338     3.42975   242.22620
2028 346  0.697449     3.44781   242.82690
2028 347  0.703027     3.46520   243.41763
2028 348  0.708080     3.48197   243.99953
2028 349  0.712614     3.49816   244.57361
2028 350  0.716637     3.51382   245.14085
2028 351  0.720152     3.52897   245.70218
2028 352  0.723166     3.54366   246.25847
2028 353  0.725682     3.55790   246.81053
2028 354  0.727702     3.57172   247.35916
2028 355  0.729230     3.58516   247.90515
2028 356  0.730268     3.59822   248.44923
2028 357  0.730816     3.61094   248.99216
2028 358  0.730876     3.62332   249.53464
2028 359  0.730447     3.63538   250.07739
2028 360  0.729530     3.64714   250.62119
2028 361  0.728122     3.65861   251.16672
2028 362  0.726222     3.66979   251.71475
2028 363  0.723828     3.68071   252.26605
2028 364  0.720936     3.69136   252.82141
2028 365  0.717544     3.70175   253.38164
2028 366  0.713645     3.71190   253.94760
2029   1  0.709235     3.72179   254.52045
2029   2  0.704309     3.73144   255.10065
2029   3  0.698860     3.74083   255.68948
2029   4  0.692880     3.74998   256.28802
2029   5  0.686360     3.75888   256.89749
2029   6  0.679291     3.76752   257.51917
2029   7  0.671662     3.77589   258.15445
2029   8  0.663462     3.78398   258.80487
2029   9  0.654676     3.79178   259.47223
2029  10  0.645292     3.79926   260.15836
2029  11  0.635291     3.80640   260.86542
2029  12  0.624657     3.81317   261.59586
2029  13  0.613368     3.81953   262.35242
2029  14  0.601404     3.82543   263.13821
2029  15  0.588739     3.83081   263.95691
2029  16  0.575345     3.83561   264.81268
2029  17  0.561190     3.83972   265.71045
2029  18  0.546241     3.84304   266.65601
2029  19  0.530455     3.84541   267.65637
2029  20  0.513788     3.84666   268.71991
2029  21  0.496188     3.84652   269.85687
2029  22  0.477594     3.84469   271.07996
2029  23  0.457936     3.84074   272.40512
2029  24  0.437131     3.83408   273.85284
2029  25  0.415081     3.82390   275.44995
2029  26  0.391668     3.80904   277.23218
2029  27  0.366748     3.78780   279.24902
2029  28  0.340141     3.75755   281.57092
2029  29  0.311619     3.71408   284.30280
2029  30  0.280883     3.65020   287.60965
2029  31  0.247535     3.55263   291.76993
